Family,Hobbies,Social_Club,Political,Professional,Religious,Support_Group
1,0,0,0,0,0,0
0,0,0,0,0,1,1
1,1,0,0,1,0,0
0,0,0,0,0,0,0
0,0,0,1,1,0,1
0,0,0,0,1,0,0
0,0,0,0,0,0,1
1,1,1,0,0,1,0
1,1,0,0,1,1,0
0,0,0,0,0,1,1
1,1,0,0,1,0,0
1,0,1,0,0,1,0
1,0,0,0,0,0,0
0,0,0,0,1,0,0
1,1,1,0,0,1,0
0,0,0,0,0,0,0
1,0,0,0,1,1,0
0,0,0,0,0,0,0
0,0,0,0,0,1,0
1,0,0,0,0,0,1
1,1,0,0,0,0,1
0,1,0,0,1,1,0
0,1,0,0,1,1,0
1,0,1,0,1,0,0
1,1,0,0,0,0,0
0,0,0,0,1,0,0
0,0,0,0,1,0,1
0,0,0,0,0,0,0
0,0,0,0,0,0,0
1,0,1,0,0,1,0
1,0,0,0,1,0,0
0,1,0,0,0,1,1
0,0,0,0,0,1,0
0,0,0,0,0,1,0
0,1,0,0,0,1,0
0,0,0,0,0,1,0
0,0,0,0,0,0,0
1,0,1,0,1,1,0
0,1,0,0,0,1,0
1,0,0,0,1,1,0
1,0,1,0,0,0,1
1,1,0,1,1,1,0
1,1,1,0,0,1,0
1,0,0,0,1,0,0
1,1,0,0,0,0,0
0,0,0,0,0,0,0
0,0,0,0,1,0,0
0,0,0,0,1,0,0
0,0,0,0,0,0,0
0,1,1,0,0,1,0
0,0,0,0,1,0,0
1,0,0,0,1,0,0
0,0,0,0,1,0,0
0,1,1,0,0,1,1
0,0,0,0,0,0,0
0,0,0,0,0,1,0
1,1,1,0,0,1,0
0,0,0,0,0,0,0
1,1,1,0,0,1,0
0,1,0,0,0,1,0
0,0,0,0,0,0,0
0,0,0,0,0,0,0
1,1,0,0,0,0,0
0,0,0,0,0,0,0
0,0,0,0,0,1,0
1,1,1,0,1,1,1
0,0,0,0,0,0,0
0,0,0,0,0,0,0
0,0,0,0,1,0,0
0,0,0,0,1,0,0
0,1,1,0,0,1,0
1,1,0,0,0,0,0
0,0,0,0,0,0,0
0,0,0,0,1,0,0
1,1,0,0,1,1,0
0,1,0,0,0,1,0
1,0,0,0,1,0,0
0,0,0,0,0,0,0
0,0,0,0,1,0,0
0,1,1,0,1,0,0
0,0,0,0,1,0,1
0,1,0,0,0,1,0
0,0,0,0,1,1,1
0,0,0,0,0,0,0
1,1,0,0,1,1,0
0,0,0,0,0,0,0
1,0,0,0,1,0,1
1,1,0,0,0,1,0
1,0,0,0,0,0,0
1,0,0,0,0,0,0
0,0,0,1,1,0,1
1,0,0,0,0,0,0
1,0,0,0,0,0,0
1,1,1,0,0,1,0
0,0,0,0,0,0,0
0,0,0,0,0,0,0
1,0,1,0,0,1,0
0,0,0,0,1,0,0
0,0,0,0,0,0,0
0,0,0,0,1,1,0
1,0,1,0,1,0,0
0,0,0,0,0,0,0
0,0,0,0,0,0,0
0,0,0,0,0,0,1
1,0,0,0,1,1,0
1,0,0,0,0,0,0
0,1,1,0,0,1,0
0,0,0,0,0,1,0
1,1,0,0,0,1,0
1,1,0,0,0,1,0
0,0,0,0,1,0,0
0,0,0,0,0,0,0
0,0,0,0,0,0,1
0,0,0,1,1,0,1
1,0,1,0,0,1,0
1,1,1,0,0,1,0
0,1,0,0,0,1,0
0,0,0,0,0,1,0
0,0,0,0,0,0,0
1,0,0,0,1,0,0
0,0,0,0,0,0,1
0,0,0,0,1,0,0
0,0,0,0,0,0,0
0,0,0,0,0,0,0
0,0,0,0,0,0,0
1,0,0,0,0,0,0
0,1,0,0,1,1,0
0,0,0,0,1,0,0
1,0,0,1,0,0,0
0,0,0,0,0,0,0
0,0,0,0,0,0,1
1,1,1,0,0,1,0
0,0,0,0,1,0,0
1,1,1,0,0,1,1
1,1,1,1,1,1,0
1,0,0,0,1,0,0
0,0,0,0,0,0,0
0,0,0,0,1,0,0
1,1,1,0,0,1,0
0,0,0,1,0,1,1
1,1,1,1,0,1,1
1,1,1,0,0,1,0
0,1,1,0,0,1,0
0,1,0,0,0,1,0
0,0,0,0,1,0,1
0,0,0,0,0,0,0
0,0,0,1,1,1,0
0,0,0,0,0,1,0
0,0,0,0,0,0,0
1,1,0,0,1,1,0
0,0,0,0,0,0,0
1,0,0,0,0,0,0
1,0,0,0,1,0,0
0,0,0,0,0,0,0
1,1,0,0,0,1,0
1,0,0,1,1,0,0
0,0,0,0,0,1,0
1,0,1,0,1,1,0
0,1,0,0,0,0,1
0,0,0,0,0,0,0
1,1,1,0,0,1,1
1,0,0,0,0,0,0
0,0,0,0,0,0,0
0,1,1,0,0,1,0
0,1,0,0,0,1,1
0,0,0,0,0,0,0
0,0,0,0,1,0,0
1,1,0,1,1,1,1
1,1,0,0,0,1,0
1,0,0,0,0,0,0
0,0,0,0,0,0,0
1,0,1,0,0,0,0
0,0,0,0,0,1,0
1,1,0,0,0,1,1
0,0,0,0,0,0,1
1,0,0,0,0,0,0
0,0,0,0,0,0,0
0,0,0,0,0,0,0
0,1,0,0,0,1,0
0,0,0,0,0,1,0
1,0,0,0,0,0,0
0,0,0,0,0,0,0
0,0,0,0,0,1,0
1,0,1,0,0,0,0
0,0,0,0,1,0,1
0,0,0,0,0,1,0
1,1,1,0,0,1,0
0,0,0,0,0,0,0
1,0,0,0,0,0,0
0,0,0,0,1,0,0
1,1,0,0,1,1,0
1,1,1,0,0,1,0
1,1,0,0,1,1,1
0,0,0,0,0,0,0
1,0,0,0,0,0,0
0,0,0,0,0,1,0
1,0,1,0,0,1,0
0,0,0,0,1,0,1
0,0,0,0,0,0,0
0,0,0,0,1,0,0
0,1,1,1,1,1,1
1,1,1,0,0,1,0
0,0,0,0,0,0,0
0,0,0,1,0,0,0
1,1,1,0,0,1,1
0,0,0,0,0,0,1
1,0,0,0,0,0,0
0,1,0,0,0,1,0
0,0,0,0,0,1,0
0,0,0,0,0,0,0
0,1,0,0,0,1,0
0,0,0,0,0,1,0
1,1,1,0,0,1,0
0,0,0,0,0,1,0
0,0,0,1,0,0,1
0,0,0,0,0,0,0
0,0,0,0,0,0,0
1,0,1,0,0,0,1
0,0,0,0,0,1,0
0,0,0,0,0,0,0
0,0,0,0,0,0,0
0,1,0,0,0,0,0
0,0,0,0,1,1,0
1,1,0,0,0,1,0
1,0,1,0,1,1,0
0,1,1,1,1,1,0
0,0,0,0,0,1,0
0,0,0,1,1,0,1
0,0,0,0,0,0,0
0,0,0,0,0,0,0
0,1,0,1,0,0,0
0,0,0,0,0,0,0
1,0,0,0,0,0,1
1,0,0,0,0,1,0
0,0,0,0,1,0,0
0,0,1,0,0,0,0
1,0,0,0,0,1,0
1,1,1,0,0,1,0
0,1,1,0,0,1,0
1,0,0,0,0,0,0
0,0,0,0,0,0,0
0,1,0,1,0,1,0
0,0,0,0,0,1,0
1,0,0,0,0,0,0
1,0,0,0,0,0,0
0,0,0,0,1,1,0
0,1,0,0,0,1,0
0,0,0,0,0,0,0
1,1,0,0,0,0,0
0,0,0,0,0,1,0
0,0,0,0,0,1,1
1,1,0,0,0,1,0
0,0,0,0,1,0,0
1,1,0,0,0,1,0
0,0,0,0,0,0,0
0,0,0,0,0,0,0
0,0,0,0,1,1,0
0,1,0,0,1,1,0
0,0,0,0,0,1,0
1,1,0,0,0,1,0
0,0,0,0,0,0,0
0,0,0,0,1,0,0
0,0,0,0,0,0,0
1,1,0,0,1,1,0
0,0,0,0,0,0,0
0,1,1,0,0,0,0
0,0,0,0,0,0,0
1,1,0,0,0,0,0
0,0,0,0,1,1,0
1,1,1,0,1,1,0
0,1,0,0,0,1,0
1,0,0,0,0,0,0
1,0,0,0,0,0,0
1,0,0,0,0,0,0
0,0,0,0,0,0,1
0,0,0,0,1,0,0
1,0,0,0,0,1,0
1,1,1,0,1,1,1
0,0,0,0,0,0,1
1,0,0,0,0,0,0
0,0,0,1,0,1,0
0,0,0,0,0,0,0
0,1,1,0,0,1,0
0,0,0,0,0,0,0
0,1,1,0,0,1,1
1,1,0,0,1,1,0
1,0,0,0,0,0,0
0,0,1,0,0,0,1
1,1,1,0,0,0,1
0,1,1,0,1,1,0
1,0,0,0,0,1,0
1,0,0,0,1,0,0
1,1,1,0,0,1,0
0,0,0,0,0,0,0
0,0,0,0,0,0,0
0,0,0,0,0,1,0
0,0,0,0,0,0,1
1,0,1,0,1,0,0
0,0,0,0,1,0,0
0,0,0,0,0,0,0
0,1,1,1,1,1,1
0,1,0,0,0,0,1
1,0,0,0,1,0,0
1,0,1,0,1,0,0
0,0,0,0,0,0,0
0,0,0,0,0,0,0
0,0,1,0,1,1,0
0,1,0,0,1,0,0
0,1,1,0,0,1,0
0,0,0,0,0,0,1
0,0,0,0,0,0,0
0,0,0,0,0,0,0
1,1,1,0,0,1,0
0,0,0,0,0,0,0
0,0,1,0,1,1,0
1,0,0,0,0,0,0
0,0,0,0,1,0,0
0,0,0,0,0,0,0
1,1,1,0,0,1,0
0,0,0,0,1,0,0
0,0,0,0,1,0,0
1,0,0,1,1,1,1
1,1,1,0,0,1,0
0,1,1,0,0,1,0
0,1,1,1,1,1,1
1,0,0,0,1,0,0
0,0,0,0,1,0,0
1,1,0,0,0,1,0
0,0,0,0,0,1,0
1,1,0,0,0,0,0
0,0,0,0,0,0,0
0,1,0,0,0,0,0
0,0,0,0,1,0,0
0,1,0,0,1,1,0
0,0,0,0,1,0,0
0,0,0,0,0,0,0
0,0,0,0,1,0,0
1,1,1,0,0,1,0
1,0,0,0,0,1,0
0,1,0,0,1,1,0
0,0,0,0,0,0,0
1,0,0,0,0,1,0
0,0,0,0,1,0,0
0,0,0,0,0,0,0
1,0,0,0,1,0,1
0,0,0,0,0,0,0
1,0,0,1,0,1,0
0,0,0,0,0,0,0
0,0,0,0,0,0,0
0,0,0,0,0,0,0
1,0,1,0,0,1,0
1,0,0,0,0,0,0
1,1,1,0,0,1,0
0,0,0,0,1,0,0
0,0,0,0,0,0,0
0,0,0,0,1,0,1
0,0,0,0,1,0,0
0,0,0,0,0,0,0
1,0,0,0,0,1,0
1,1,0,0,0,1,0
1,1,0,0,1,1,0
1,1,0,0,0,1,0
1,0,0,0,0,0,0
0,1,0,0,1,0,0
0,0,1,1,1,0,1
0,1,0,0,0,1,0
0,0,0,0,0,1,0
0,0,1,0,0,1,0
0,0,0,0,1,0,0
1,1,0,0,0,1,0
0,0,0,0,0,0,0
0,0,0,0,0,0,1
0,1,0,0,1,1,0
0,0,0,0,0,0,0
1,1,0,0,0,1,0
0,0,0,0,1,0,0
1,1,1,0,1,1,1
0,0,0,0,1,0,0
1,0,0,0,0,1,1
0,0,0,0,0,0,0
0,0,0,0,1,0,1
0,0,0,0,0,0,1
1,0,0,0,0,1,0
1,0,0,1,1,0,1
0,0,0,0,0,0,0
0,0,0,0,0,1,0
0,0,0,0,0,1,0
0,0,0,1,1,0,0
0,0,0,0,0,0,0
1,0,0,1,1,0,0
1,0,0,0,1,0,0
1,0,0,0,0,0,0
1,0,1,1,0,1,0
1,1,1,0,1,1,0
0,0,0,0,0,1,0
0,0,0,0,0,0,0
1,1,1,0,1,1,0
0,0,0,0,1,0,0
0,0,0,0,0,0,0
1,0,0,0,0,0,0
1,0,0,0,1,0,0
0,1,0,0,1,1,1
1,1,0,0,0,1,0
0,1,1,1,0,1,1
1,0,0,0,0,0,0
1,0,0,0,1,0,0
0,0,0,0,0,0,0
1,1,0,0,0,0,0
0,0,0,0,1,0,1
0,1,0,0,1,1,0
1,1,0,0,0,1,1
0,0,0,0,0,0,0
0,0,0,0,1,0,0
0,1,0,0,0,1,0
0,0,0,0,1,0,1
1,0,0,0,0,0,0
1,0,1,0,0,1,0
0,0,0,0,0,1,0
1,1,0,0,0,1,0
0,1,0,0,0,1,0
0,1,1,0,1,1,0
0,0,0,0,0,0,0
0,0,0,0,1,1,0
0,0,0,0,1,0,0
0,0,0,1,1,0,0
0,0,0,0,0,0,1
1,1,0,0,0,1,0
0,1,0,0,0,1,0
0,0,0,0,0,1,0
0,0,0,0,0,0,0
0,1,1,0,1,1,0
1,1,1,1,1,1,1
1,1,1,1,0,1,1
1,1,1,0,0,1,0
1,1,1,0,1,1,1
1,0,0,0,0,1,0
0,0,0,0,1,0,0
0,0,0,1,1,0,0
0,0,0,1,0,0,0
1,0,1,0,0,0,0
0,1,0,0,0,1,0
0,0,0,0,1,0,0
0,0,0,0,0,0,1
1,1,0,0,0,1,0
1,0,0,0,1,1,0
0,0,0,0,1,0,0
1,1,0,0,0,1,0
0,0,0,0,1,0,0
0,0,0,0,0,0,0
1,1,0,0,0,1,0
1,1,1,0,0,1,0
1,0,0,0,1,0,0
0,1,0,0,0,1,0
0,0,0,0,0,0,0
1,0,0,0,0,0,0
0,1,0,0,1,1,0
1,0,0,0,0,1,0
1,0,0,0,0,1,0
0,0,0,0,0,1,0
1,1,0,0,0,1,0
0,0,0,0,0,0,0
1,1,0,0,0,1,0
0,0,0,0,0,1,0
0,0,0,0,0,1,0
1,0,1,1,0,1,0
0,0,0,0,0,1,0
0,1,0,0,0,0,0
0,1,0,1,1,1,0
1,0,0,0,1,0,0
0,1,0,0,0,0,0
0,0,0,0,0,1,0
0,0,0,0,0,0,0
0,1,0,0,0,1,0
1,1,0,0,0,1,1
0,1,0,0,0,1,0
0,0,0,0,1,0,0
0,0,1,0,0,0,1
1,1,0,0,0,0,0
1,0,0,1,1,0,1
0,0,0,0,1,1,0
1,0,0,0,0,0,1
0,1,1,0,0,1,1
1,0,1,0,0,1,1
1,1,0,0,1,1,0
0,0,0,0,1,1,0
1,0,0,0,1,1,0
0,0,0,0,1,0,0
0,0,0,0,0,1,0
0,1,0,0,0,1,0
1,0,0,0,0,1,0
0,0,0,0,0,0,0
1,1,0,1,1,0,1
1,0,0,0,1,0,0
0,0,0,0,0,1,0
0,0,0,0,0,0,0
0,0,0,0,1,0,0
0,0,0,0,0,0,0
0,1,0,0,1,1,0
1,1,1,0,1,1,0
1,0,0,0,0,0,0
0,0,0,0,0,0,0
0,1,0,0,0,1,0
0,0,0,0,1,0,0
1,1,1,0,0,1,0
0,0,0,0,0,0,0
1,0,0,0,1,0,0
1,0,0,0,0,0,0
0,0,0,0,0,1,0
1,0,1,0,0,0,0
0,0,0,1,1,0,1
0,0,0,0,1,0,0
0,0,0,0,0,0,0
0,0,0,0,1,0,0
0,0,0,0,1,0,0
0,0,0,0,1,0,1
0,1,0,0,0,1,0
1,1,0,0,0,1,0
1,1,1,0,0,1,0
1,0,0,0,0,0,0
1,1,0,0,0,1,0
0,1,0,0,0,1,0
1,0,0,0,1,0,0
0,0,0,0,0,0,0
0,0,0,1,0,0,0
1,0,0,0,0,0,0
0,1,0,0,0,1,0
0,1,0,0,1,1,0
0,0,0,0,0,1,0
1,1,0,0,0,0,0
0,0,0,0,1,0,0
0,0,1,0,1,0,0
1,1,0,0,1,1,1
1,0,0,0,0,1,0
1,0,0,0,0,0,0
0,0,0,1,0,0,1
0,0,0,0,0,1,0
1,0,0,0,0,1,0
0,0,0,0,0,0,1
1,0,0,0,1,0,1
0,1,0,0,0,1,1
0,1,0,0,1,1,0
0,1,0,0,0,1,0
0,1,1,0,1,1,0
0,1,0,0,1,0,0
0,0,0,0,0,0,0
1,0,0,0,1,0,0
1,1,0,0,0,1,0
0,0,0,0,0,0,0
1,1,1,0,0,1,0
1,1,1,0,0,1,0
0,0,0,0,1,0,0
0,0,0,0,1,0,0
0,1,0,0,0,1,0
0,0,0,0,1,0,0
0,1,1,0,1,1,0
0,0,0,0,0,0,0
1,0,1,0,1,0,0
0,0,0,0,0,0,0
0,1,0,0,1,1,0
0,0,0,0,1,0,0
1,1,0,0,0,1,0
0,0,0,0,0,0,0
1,1,0,0,1,0,0
0,0,0,0,0,0,1
1,0,0,0,0,0,0
0,0,0,0,0,1,0
1,1,0,0,1,1,1
0,0,0,0,0,0,0
0,0,1,0,0,1,1
0,0,0,0,0,1,0
1,1,1,0,0,1,0
1,0,0,0,1,1,0
1,0,0,0,1,0,1
0,0,0,1,1,0,0
0,0,0,0,1,1,0
0,1,1,0,1,1,1
1,1,0,0,0,1,0
0,0,0,0,0,0,1
1,0,0,0,1,0,1
0,0,0,0,1,0,0
0,0,0,0,1,0,0
1,1,1,0,0,1,1
1,1,1,0,0,1,0
1,0,0,0,0,0,0
1,0,0,0,0,0,0
0,0,0,0,0,0,0
1,0,0,0,0,1,0
1,0,0,0,0,1,0
0,0,0,0,0,0,0
0,0,0,0,0,0,0
0,1,0,1,0,0,0
0,1,1,0,0,0,0
1,1,1,0,0,1,0
1,0,0,0,0,0,0
1,0,0,0,1,0,0
0,0,0,0,0,0,0
0,0,0,0,1,0,0
0,1,0,1,0,0,0
0,0,0,0,1,0,0
1,0,0,0,0,0,0
0,0,0,0,0,1,0
1,1,1,0,0,1,0
0,0,1,0,1,1,0
1,1,0,0,1,1,0
0,0,0,0,0,1,0
0,1,0,0,0,0,0
0,0,0,0,0,0,0
0,0,0,0,0,1,0
1,0,0,0,1,0,0
1,1,0,0,0,1,0
0,0,0,0,0,1,0
0,0,0,0,0,1,0
0,0,0,0,0,1,0
1,1,1,0,0,0,0
0,0,0,0,0,1,0
0,0,0,0,1,0,0
0,0,0,0,0,0,0
0,0,0,0,0,0,0
1,0,0,1,0,0,0
1,0,0,1,1,0,0
1,0,0,0,0,0,0
0,0,0,1,1,1,0
1,0,0,0,1,1,0
0,1,0,0,1,1,0
0,0,0,0,1,0,0
0,0,0,0,1,0,1
0,0,0,0,0,0,0
1,1,1,0,0,1,0
1,1,0,0,1,0,0
0,0,0,0,1,0,0
0,0,1,0,0,1,0
1,1,0,0,0,1,0
1,1,1,0,0,1,0
1,1,1,0,0,1,0
1,0,0,0,0,1,0
0,1,0,0,1,0,0
0,0,0,0,0,1,0
1,1,1,0,1,0,0
0,0,0,0,0,0,0
1,0,0,0,0,1,0
0,1,1,0,0,1,0
0,0,0,0,0,1,0
0,0,0,0,1,0,1
1,0,0,0,0,0,0
0,1,0,0,0,1,0
0,1,0,0,0,1,0
0,0,0,0,0,1,0
0,0,0,0,0,0,0
1,0,0,1,0,1,1
0,1,0,0,1,1,0
0,0,1,0,0,0,0
0,0,0,0,0,0,0
0,0,0,0,0,0,0
0,0,0,0,1,0,0
1,1,1,0,0,1,0
1,0,0,0,1,0,0
0,0,0,0,0,0,0
0,0,0,0,0,0,0
0,0,0,0,0,0,0
1,0,0,0,1,0,0
0,1,0,0,0,0,0
0,0,0,0,0,0,0
0,1,0,0,1,0,0
0,0,0,0,1,0,0
0,0,0,0,0,0,0
1,1,0,0,0,1,0
1,1,0,1,0,0,1
0,0,0,0,1,0,1
0,0,0,1,1,0,0
0,1,0,0,0,1,0
1,1,0,0,1,0,0
0,0,0,0,1,0,0
0,0,0,0,0,0,0
0,0,0,0,0,0,0
1,1,0,0,1,1,0
1,0,0,0,0,1,0
0,0,0,0,0,1,0
0,0,0,0,0,0,0
0,1,0,1,0,1,0
1,0,0,0,0,1,0
0,1,0,0,0,1,0
1,1,0,1,1,1,0
0,0,0,0,0,1,0
1,0,0,0,0,0,0
0,0,0,0,0,0,0
0,0,0,0,0,0,0
0,0,0,1,0,0,1
1,1,1,1,0,1,0
0,0,0,0,0,0,0
0,1,0,0,1,1,0
0,0,0,1,1,0,1
0,0,0,0,0,0,0
1,0,0,0,1,0,0
0,1,0,0,0,0,0
0,0,0,0,0,0,0
0,0,0,0,0,0,1
1,1,0,0,0,0,0
0,0,0,0,0,0,0
0,0,0,0,0,0,0
0,1,0,0,0,1,0
1,1,0,0,0,1,1
1,0,0,0,0,0,0
0,0,0,0,0,0,0
0,0,0,0,0,1,0
1,1,0,0,0,1,0
1,1,0,0,0,1,0
1,0,0,1,1,0,0
1,0,0,0,0,0,0
0,1,0,0,0,1,0
0,0,0,0,0,0,0
0,1,0,1,0,0,0
1,0,0,0,0,1,0
0,0,0,0,0,0,0
0,0,0,0,0,0,0
0,0,0,0,0,0,0
1,0,0,0,1,0,0
1,0,1,0,0,1,0
0,0,0,0,1,0,1
0,0,0,0,1,0,0
0,0,0,0,0,0,0
1,1,1,0,1,1,0
0,0,0,0,1,0,0
0,0,0,0,0,0,0
1,0,1,0,1,1,0
0,1,0,1,0,1,0
0,0,0,0,0,0,0
0,1,1,0,0,1,0
0,1,0,0,1,1,0
0,0,0,0,1,0,0
0,1,0,0,1,0,0
1,0,0,0,0,0,0
0,1,0,0,0,1,0
1,0,0,0,0,0,0
0,0,0,0,0,0,0
1,1,1,0,0,1,0
0,0,0,1,0,0,1
0,0,0,0,0,0,0
1,1,1,0,0,1,0
0,0,0,0,0,0,0
0,0,1,0,0,1,0
0,0,0,0,0,1,0
0,0,0,0,1,0,0
0,0,0,0,0,0,0
0,0,0,0,1,0,0
1,0,0,0,0,0,0
0,0,0,0,1,0,1
0,0,0,0,0,0,0
1,1,1,0,0,1,0
1,0,0,0,0,0,1
1,0,0,1,0,0,0
1,1,0,0,0,0,0
1,1,1,0,0,1,0
0,0,0,0,0,1,1
0,0,0,0,0,1,0
1,1,0,0,0,1,0
0,0,0,0,1,0,0
0,0,0,0,0,0,0
1,0,1,0,1,0,1
1,0,0,0,0,0,0
0,0,0,0,0,0,0
0,0,0,0,0,0,0
0,0,0,0,0,0,0
0,1,1,0,0,1,0
1,1,0,0,0,1,0
0,0,0,0,1,1,0
0,0,0,0,1,1,0
0,0,0,0,1,0,0
0,0,0,0,1,0,0
1,0,0,0,1,0,0
0,0,0,0,0,1,0
0,0,0,0,1,0,0
0,0,0,0,0,0,0
1,1,1,0,0,1,0
0,0,0,0,0,1,0
0,1,0,1,0,0,0
0,1,0,0,0,1,0
0,0,0,0,0,0,0
1,1,0,0,0,0,0
0,0,0,1,1,0,1
0,0,0,1,1,1,0
0,0,0,0,0,0,0
0,0,0,0,0,0,0
1,1,0,0,0,0,0
0,0,0,0,0,0,0
0,0,0,0,0,1,0
1,1,1,0,0,1,0
1,1,1,0,0,0,0
0,0,0,0,0,0,0
0,0,0,0,1,0,0
0,0,0,0,0,0,0
0,0,1,0,1,1,0
0,0,0,0,0,0,0
0,0,0,0,1,0,0
1,1,0,0,0,1,0
1,0,0,0,0,0,0
0,0,0,0,0,0,0
0,1,1,0,1,1,0
0,0,0,0,0,1,0
0,0,0,0,0,0,0
1,1,1,1,1,1,1
1,1,0,0,1,1,0
0,0,0,0,0,0,0
1,0,0,0,0,0,0
0,0,0,0,0,0,0
0,0,0,0,0,0,0
0,0,0,1,1,1,1
1,0,0,0,1,0,0
0,1,1,0,0,1,0
0,0,0,0,0,0,0
1,1,1,1,1,1,1
1,0,0,0,1,1,0
0,0,0,0,1,0,0
0,0,0,0,0,0,0
0,0,0,0,0,0,0
0,0,0,0,0,1,0
1,0,0,1,1,0,0
0,0,0,0,0,0,0
1,1,0,0,1,1,0
0,0,0,1,0,1,0
0,0,0,0,0,0,0
1,0,0,0,0,1,0
1,1,1,0,0,1,0
1,1,1,0,0,0,0
1,0,0,0,0,0,0
1,0,0,0,0,1,1
0,0,0,1,1,0,1
1,1,1,0,0,0,0
1,0,1,1,0,1,1
0,0,0,0,0,1,1
0,0,0,0,0,0,0
0,1,1,1,1,1,1
0,0,0,0,0,0,0
1,1,0,0,0,1,0
0,0,0,0,1,0,1
0,0,0,1,0,0,0
0,0,0,0,0,0,1
1,0,0,0,1,1,0
0,0,0,0,0,0,0
1,0,0,0,1,1,0
1,1,1,0,0,0,0
0,0,1,0,1,1,0
0,0,0,0,0,1,1
1,0,0,0,0,0,0
0,0,0,0,1,0,1
0,0,0,0,0,0,0
0,0,0,0,0,0,0
0,0,0,0,0,0,0
0,0,0,0,0,0,0
0,1,1,1,0,1,1
0,0,0,0,0,0,0
0,0,0,0,0,0,0
1,1,0,0,1,1,0
1,1,0,0,1,1,0
0,0,0,0,0,0,0
0,0,0,1,1,0,0
0,1,0,1,0,1,1
1,1,1,0,1,1,0
0,0,0,1,0,1,0
0,0,0,0,0,0,0
1,0,0,0,1,0,0
0,0,0,0,0,1,0
0,0,0,0,1,0,0
0,0,0,0,1,0,0
0,0,0,0,0,1,0
0,0,0,0,0,0,0
1,1,1,0,0,1,0
0,0,0,0,0,0,0
0,0,0,0,1,0,1
0,0,0,1,0,1,0
1,0,0,0,1,0,0
1,1,1,0,0,1,0
1,0,0,0,0,1,0
0,0,0,0,0,0,1
1,1,0,0,0,0,1
0,0,0,0,0,0,1
0,0,0,0,0,0,0
0,0,0,1,1,0,0
1,0,0,0,0,1,0
1,0,1,0,0,0,0
0,0,0,0,1,0,0
0,0,0,0,1,0,0
0,0,0,0,0,0,0
1,0,0,1,1,0,0
0,0,0,1,1,0,0
1,0,1,0,0,0,0
0,0,0,0,1,0,0
1,0,0,0,0,0,0
0,1,0,0,0,1,0
0,0,0,0,0,0,0
1,0,0,0,0,1,0
0,1,0,0,0,1,0
1,0,0,0,0,0,1
0,1,0,0,1,0,1
0,0,0,0,1,0,0
0,0,0,0,1,0,0
1,0,0,0,0,0,0
1,0,0,0,0,1,0
1,1,1,1,0,1,0
0,1,1,0,1,1,0
0,0,0,0,0,1,0
1,1,0,0,0,1,1
0,0,0,0,0,1,0
0,0,0,0,1,0,1
1,0,0,1,0,1,0
1,0,0,0,1,1,1
0,1,0,1,0,1,1
1,1,0,0,0,0,0
0,0,0,0,0,0,0
0,0,0,0,0,0,0
0,0,0,0,0,0,0
1,0,0,0,0,0,1
1,0,0,0,1,1,0
0,0,0,0,0,0,0
0,1,1,0,0,1,1
0,1,0,0,0,1,0
0,0,1,0,0,0,0
0,0,0,0,1,0,0
0,0,0,0,0,0,0
1,0,0,0,0,0,0
0,0,0,0,0,0,0
1,1,0,0,0,1,0
0,1,0,0,0,0,0
1,1,1,0,1,0,1
0,0,0,0,0,0,1
0,0,0,0,1,0,0
0,0,0,0,1,0,0
0,0,0,0,1,0,0
0,1,1,0,1,1,0
0,0,0,0,0,0,1
0,0,0,0,1,0,1
1,1,0,0,1,1,0
0,0,0,0,0,0,0
0,0,0,0,0,1,0
1,1,0,0,0,1,1
0,0,1,0,1,1,0
1,0,0,0,0,0,0
0,0,0,0,0,0,0
0,0,0,0,0,1,0
0,0,0,0,1,0,0
0,1,0,0,0,1,0
0,0,0,0,0,0,0
0,1,0,0,0,1,0
0,0,0,0,0,0,0
0,1,0,0,1,1,0
0,0,0,0,0,1,1
1,0,1,0,0,1,0
1,1,0,1,0,1,1
1,1,1,0,1,0,1
1,1,1,0,0,0,1
0,0,0,1,0,0,0
0,0,0,0,0,0,1
0,0,0,0,0,1,1
0,0,0,0,0,0,0
0,1,0,0,0,1,0
0,0,0,0,0,1,0
1,1,0,0,0,1,0
0,1,0,0,1,1,0
0,0,0,0,1,0,1
1,0,0,0,0,1,1
0,0,0,0,0,1,0
1,1,0,0,0,1,0
0,1,1,0,0,0,1
1,1,1,0,0,1,0
1,0,0,1,1,1,0
0,0,0,0,0,0,0
0,1,0,0,0,1,0
1,0,0,0,0,1,0
0,0,0,0,0,0,0
1,0,1,0,0,0,0
0,0,0,0,0,0,1
1,0,0,0,0,0,0
0,0,0,0,0,0,0
1,1,0,0,0,1,0
0,0,0,0,1,0,0
1,1,0,0,0,1,1
0,0,0,0,0,0,0
1,0,0,0,0,0,0
1,1,0,0,0,1,0
1,0,1,0,1,0,0
0,0,1,0,1,1,0
1,0,0,0,0,0,0
1,0,1,0,0,0,0
1,1,1,0,0,1,0
0,1,0,0,0,0,1
0,0,0,0,1,0,0
0,0,0,0,0,0,0
1,1,0,0,0,1,0
0,1,0,0,0,0,0
1,1,0,1,0,1,0
0,0,0,0,0,0,0
1,0,0,0,0,1,0
1,1,0,0,1,0,0
1,1,1,0,1,1,0
0,0,0,0,0,0,0
1,0,0,0,0,0,0
0,0,0,0,0,0,0
1,1,1,0,1,1,0
0,0,0,0,1,0,1
1,1,1,0,0,1,0
0,0,0,0,0,0,0
0,0,0,0,0,0,0
1,0,0,0,1,1,0
0,0,0,0,0,0,0
0,1,0,0,1,0,0
0,0,0,0,1,0,0
0,0,0,0,1,0,0
1,0,0,0,0,0,0
1,0,1,0,0,1,0
1,0,0,0,0,0,0
0,0,0,0,1,0,1
0,0,0,0,1,0,0
0,1,0,0,0,1,0
0,1,0,0,0,0,0
0,0,0,0,1,1,0
1,0,0,0,1,0,0
1,1,0,0,0,0,0
1,1,0,0,0,0,1
1,0,0,0,0,0,0
1,1,0,0,1,1,0
0,0,0,0,1,1,0
0,0,0,0,1,0,1
0,0,0,0,1,0,0
0,1,1,0,0,1,1
1,0,0,0,0,0,0
0,0,0,1,1,0,1
1,1,1,0,1,1,1
0,1,1,0,1,1,0
0,0,0,0,0,0,0
1,1,1,0,0,1,0
0,0,0,0,0,1,0
1,1,1,0,0,1,0
1,1,1,0,1,1,0
1,0,0,0,0,1,0
1,1,0,0,1,1,0
1,0,0,0,0,0,0
0,1,0,0,0,1,0
0,0,0,0,0,0,0
1,1,0,0,1,1,0
1,1,0,0,1,1,0
0,0,0,0,0,0,0
0,0,0,0,1,0,0
1,0,0,0,0,0,0
1,1,1,0,0,1,1
0,0,0,0,0,0,0
1,0,0,0,0,1,0
1,1,0,1,0,1,0
0,0,0,0,1,0,0
0,0,0,0,1,0,1
0,0,0,0,0,1,0
0,1,0,0,1,0,0
0,0,0,0,1,0,0
0,1,0,0,0,1,0
0,0,0,0,1,0,0
1,1,0,0,1,1,0
0,0,1,1,1,0,0
0,0,0,0,1,0,0
1,1,1,0,0,1,0
1,0,1,0,0,1,0
0,0,0,0,0,0,0
0,1,0,0,1,0,0
0,0,1,0,0,1,0
0,0,0,0,0,0,1
1,0,0,0,0,0,0
1,1,0,0,0,0,0
0,0,0,0,1,1,1
0,1,1,0,0,1,0
0,0,0,0,0,0,0
0,0,0,0,1,0,0
0,0,0,0,1,0,1
1,0,0,0,1,0,1
1,1,1,1,1,1,1
1,1,1,0,1,1,0
1,1,1,0,1,1,0
1,0,1,0,1,1,1
0,0,0,0,0,0,0
0,0,0,0,1,1,0
0,0,0,0,0,0,0
1,1,1,0,0,0,0
0,0,0,0,1,0,0
0,0,0,0,1,0,1
0,1,0,1,0,1,0
0,0,0,0,0,1,0
1,1,0,0,0,1,0
0,1,0,0,0,0,0
1,0,0,0,0,0,0
1,0,0,0,0,0,0
1,1,1,0,0,1,0
1,0,1,0,0,1,0
0,0,1,0,1,1,0
1,0,0,1,1,0,0
1,1,0,1,1,0,0
1,1,1,0,0,1,0
0,0,1,0,0,1,1
0,1,1,0,0,1,0
0,0,0,0,0,0,0
1,1,0,0,1,1,0
1,1,0,0,0,1,0
1,0,0,0,0,0,0
0,0,0,0,0,0,0
0,0,0,0,0,0,0
1,0,1,0,1,1,0
0,0,0,0,0,0,0
0,0,0,0,1,1,0
1,0,1,0,0,1,0
0,0,0,0,0,0,0
1,0,0,0,0,1,0
1,0,1,0,1,1,1
1,0,0,0,0,0,0
1,1,0,0,1,0,0
0,1,0,0,0,0,0
0,0,0,0,0,0,0
1,0,0,0,0,1,0
0,0,0,0,0,0,0
0,1,0,0,1,1,0
0,1,0,0,1,1,0
0,0,0,0,0,0,0
0,1,0,1,0,1,0
1,0,1,0,0,1,0
0,1,1,0,0,1,0
1,1,1,0,0,1,1
1,0,0,0,1,0,1
0,1,1,1,0,1,1
1,1,1,0,1,1,0
0,1,0,0,1,1,0
0,0,0,0,0,0,0
0,0,0,0,1,0,0
0,0,0,0,0,0,0
1,1,1,0,1,1,1
0,1,0,0,0,0,0
1,0,1,0,0,1,0
0,0,0,0,1,0,0
1,0,0,0,1,0,0
0,0,0,0,1,0,0
1,1,0,0,0,0,1
0,0,0,0,0,0,0
1,1,1,0,0,1,0
0,1,0,0,0,0,0
0,0,0,0,0,0,0
1,0,0,0,0,0,1
1,0,0,1,0,0,1
1,1,0,0,1,1,1
0,0,0,0,1,0,1
0,0,0,0,0,0,1
1,0,1,0,0,1,0
1,1,0,0,0,1,0
1,0,0,0,1,0,0
0,0,0,0,1,1,0
1,0,0,0,0,1,0
1,1,0,1,1,0,0
0,0,0,0,0,0,0
0,0,0,0,0,0,0
1,1,0,0,0,1,0
1,1,1,0,0,1,0
0,0,0,0,0,1,0
0,0,0,0,0,0,0
1,0,0,0,0,0,0
0,0,0,0,0,0,0
0,0,0,0,0,1,0
1,1,1,0,1,1,1
1,0,1,1,0,0,1
0,0,0,0,0,0,0
0,0,0,0,0,1,1
0,0,0,0,0,0,1
1,1,0,0,0,1,0
0,0,0,0,0,1,0
1,0,0,0,0,0,0
1,1,1,0,0,1,0
0,0,0,0,0,1,0
0,0,0,0,0,0,0
0,0,0,0,0,0,1
0,0,0,0,0,0,0
0,0,0,0,1,0,0
1,1,0,1,1,1,0
1,0,0,1,1,0,0
1,0,0,0,0,1,1
1,0,0,0,0,0,0
1,0,0,0,1,0,1
0,0,1,0,0,1,0
1,1,1,0,0,1,0
0,0,0,0,1,0,1
1,0,0,0,0,0,0
0,0,0,1,0,0,0
0,0,0,0,0,0,0
1,1,0,0,0,0,0
0,0,0,0,0,0,0
0,0,0,0,1,0,0
1,1,1,0,0,1,0
0,0,0,0,0,0,0
0,1,0,0,0,1,0
0,0,0,0,1,0,0
1,0,0,0,0,1,0
1,1,0,0,0,1,0
1,0,0,0,0,1,0
1,1,0,0,0,1,1
1,1,0,0,0,0,0
0,0,0,0,0,0,0
0,0,0,0,0,1,0
0,0,0,0,0,0,0
1,0,0,0,0,1,0
0,0,0,0,0,0,0
1,1,1,0,0,0,0
0,0,0,0,0,0,0
0,0,0,0,1,0,0
0,0,0,0,1,0,1
0,0,0,0,0,0,0
1,1,1,0,0,1,1
0,0,0,0,0,0,0
0,1,0,0,1,1,1
0,0,0,0,1,0,0
0,1,0,0,0,1,1
0,0,0,0,0,0,0
0,0,0,0,0,0,0
0,0,0,1,1,0,0
1,1,1,0,0,1,0
1,0,0,0,1,0,0
1,0,0,0,0,0,0
1,0,1,0,0,1,0
0,1,1,0,1,1,0
0,0,0,0,0,0,0
0,0,1,0,1,1,0
1,1,0,0,0,1,1
0,1,0,0,0,1,0
0,0,1,1,0,1,0
0,0,0,0,0,0,0
0,0,0,0,0,0,0
0,0,0,0,0,1,0
0,0,0,0,1,0,1
0,0,0,0,0,0,0
0,0,0,0,0,0,0
1,0,0,1,0,0,1
0,0,0,1,1,0,1
0,0,0,0,0,0,0
0,0,0,0,0,1,0
1,0,0,0,1,0,0
0,0,0,0,0,0,0
0,0,0,1,1,0,0
0,0,0,0,1,0,0
0,0,0,0,1,0,0
0,1,0,0,0,1,0
1,0,0,0,1,0,0
0,0,0,0,0,1,0
0,0,0,0,0,0,0
0,1,1,0,0,1,0
0,0,0,0,0,0,0
0,0,0,0,0,0,0
1,0,0,1,0,0,0
0,1,0,0,0,1,0
0,0,0,0,0,0,0
1,0,0,1,0,1,0
1,0,1,0,0,1,0
0,0,0,0,0,0,0
0,0,0,0,0,0,0
1,0,0,0,0,0,0
1,1,1,0,0,1,0
0,1,0,0,0,1,0
0,0,0,0,1,0,0
1,0,1,1,0,0,1
0,0,0,0,0,0,0
1,0,0,0,0,1,0
0,0,0,1,1,0,0
0,0,0,0,0,1,0
0,0,0,0,0,1,0
1,1,0,0,0,1,0
1,0,0,0,0,1,0
0,0,0,0,0,0,0
0,0,0,1,0,0,0
1,1,1,1,0,1,0
0,0,0,0,0,0,0
0,1,0,0,1,1,0
0,0,0,0,1,0,0
0,0,0,0,0,0,0
0,0,0,0,0,0,0
0,1,1,0,1,1,0
0,0,0,0,0,0,0
0,0,0,0,0,0,0
0,1,1,0,1,1,0
0,0,0,1,0,0,1
0,0,0,0,0,0,0
0,0,1,0,0,1,0
0,0,0,0,1,0,0
0,0,0,0,0,1,0
0,0,0,0,0,1,0
1,1,0,0,1,0,0
0,0,0,0,0,1,0
0,0,0,0,0,0,0
1,0,0,0,0,0,0
0,0,0,0,0,1,0
0,0,0,0,0,0,0
1,1,0,0,0,1,0
0,0,0,0,1,0,0
0,0,1,0,0,0,0
0,0,0,0,0,1,0
0,1,0,0,0,0,0
1,0,0,0,1,1,0
1,1,1,0,0,1,0
1,1,1,1,0,1,0
0,0,0,0,0,0,0
1,0,0,0,0,0,0
0,0,0,0,1,0,0
0,0,0,0,0,0,0
0,0,0,0,0,1,0
1,1,0,0,0,1,0
0,0,0,0,1,0,0
0,0,1,0,0,1,0
0,1,0,0,0,0,0
1,1,1,0,0,1,0
0,0,0,0,1,0,0
0,1,0,0,0,1,1
0,0,0,0,0,1,0
0,0,0,0,0,0,0
0,0,0,0,0,0,0
1,1,0,0,0,1,0
0,1,0,0,1,1,0
1,0,1,1,1,1,0
1,1,0,1,1,1,0
1,0,0,0,0,0,0
0,1,1,0,0,1,0
0,0,0,0,0,0,1
0,0,0,0,0,0,0
0,0,0,0,1,0,1
1,1,1,0,0,1,1
1,1,1,0,0,1,1
0,0,0,0,0,0,0
0,0,0,0,0,0,1
1,0,0,0,1,0,0
0,0,0,0,1,0,0
0,0,0,0,0,1,0
1,1,0,1,1,1,0
0,0,0,0,0,0,0
0,0,1,0,1,0,1
0,0,0,0,1,0,0
1,0,0,0,0,0,0
1,0,0,0,0,1,0
1,1,1,1,0,1,1
1,1,0,0,0,1,1
1,1,1,0,0,1,0
1,0,1,0,0,1,0
0,0,0,0,1,0,0
0,0,0,0,0,0,0
0,0,1,0,0,0,0
0,0,0,0,0,0,0
1,0,1,1,1,0,1
0,1,0,0,0,1,0
0,0,0,0,0,0,1
0,0,0,0,0,1,0
0,0,0,0,0,0,0
0,0,0,0,0,0,0
1,1,1,0,1,1,0
0,1,0,0,1,1,1
1,0,0,1,0,0,1
1,1,1,0,1,1,0
1,1,1,0,0,1,0
1,0,0,0,0,1,0
0,0,0,1,0,0,1
1,1,1,0,0,1,0
1,0,0,0,0,0,0
0,0,0,0,0,0,0
0,0,0,0,0,0,0
0,0,0,0,0,0,0
0,0,0,0,1,0,0
0,0,0,0,1,1,1
1,0,0,1,1,1,1
0,0,0,0,0,0,0
1,0,1,0,0,1,1
0,0,0,0,0,0,0
0,0,0,0,1,0,0
0,0,0,0,1,0,0
0,0,0,0,0,0,0
1,0,0,0,0,1,0
0,0,0,1,1,0,0
0,0,0,0,0,0,0
0,0,0,0,0,0,1
0,0,0,0,0,0,0
1,1,1,0,0,1,0
0,0,0,1,1,0,0
0,0,1,0,0,0,0
1,1,1,0,0,1,1
0,0,0,0,0,1,0
0,0,0,0,0,1,0
0,1,0,0,1,0,0
0,0,0,0,0,1,0
1,0,1,0,1,1,0
0,0,0,1,1,0,0
1,1,1,0,1,1,1
1,0,1,0,0,0,0
1,1,0,0,1,0,0
1,1,0,0,1,0,0
1,0,0,0,0,0,0
0,0,0,0,1,0,1
0,0,0,0,0,0,0
0,0,0,0,0,0,0
0,0,0,0,0,1,0
1,1,1,0,1,1,1
0,0,0,0,0,0,0
0,0,0,0,1,1,0
0,0,0,1,0,0,1
1,0,0,0,1,0,0
0,0,0,0,0,0,0
1,1,1,0,1,1,0
1,1,0,1,0,1,0
0,1,0,0,0,1,0
0,0,0,0,0,0,0
1,0,0,0,0,0,0
0,0,0,0,0,0,0
1,1,0,0,1,1,0
0,0,0,0,0,0,0
0,0,0,0,0,0,0
0,0,0,0,0,0,0
1,1,0,0,0,1,0
1,1,1,0,0,1,0
0,0,0,0,1,0,0
1,1,0,1,1,1,0
0,0,0,0,0,0,1
0,0,0,0,0,0,0
0,0,0,0,1,0,0
1,1,0,0,0,1,0
1,1,1,0,0,1,1
0,1,1,0,1,1,0
1,1,1,0,0,1,0
0,0,0,0,0,0,1
0,0,0,0,0,0,0
0,0,0,0,1,1,0
1,1,1,0,0,1,0
1,1,0,0,0,0,0
0,0,0,0,0,1,0
1,0,0,0,0,1,0
0,0,0,0,0,0,0
0,1,0,0,1,1,0
0,0,1,0,0,0,0
0,0,0,0,1,0,0
1,0,1,1,0,1,0
0,0,0,0,0,1,0
0,0,0,0,1,0,0
0,0,0,1,1,0,0
1,0,1,1,1,1,1
0,0,0,0,0,0,1
1,1,1,0,0,1,0
1,1,0,0,1,0,0
0,0,0,0,0,0,0
0,0,0,0,0,0,0
1,0,0,0,1,1,0
0,0,0,1,0,0,0
1,1,0,0,0,1,0
1,0,0,0,0,1,0
1,0,0,0,0,0,0
0,0,0,0,0,1,0
0,0,0,0,0,1,0
1,0,0,0,1,1,0
0,0,0,0,1,0,0
1,0,0,1,0,0,0
1,0,1,0,0,1,0
0,0,0,0,0,0,0
1,1,1,0,1,1,0
0,0,0,0,1,0,0
1,1,1,0,0,1,1
1,1,0,0,0,1,0
0,0,0,1,0,0,1
0,0,0,0,0,0,0
0,0,0,0,0,0,0
1,0,0,0,0,1,0
0,0,0,0,1,0,0
1,0,0,0,0,1,1
1,0,0,0,1,1,1
0,1,0,0,1,1,0
1,0,0,0,0,0,0
0,0,0,1,0,0,0
0,0,0,1,1,0,0
1,1,0,0,0,0,1
1,0,0,1,1,0,1
0,0,0,0,0,0,0
0,0,0,0,0,0,0
0,0,0,0,0,0,0
1,0,1,0,1,0,0
0,0,0,0,0,1,0
0,0,0,0,0,0,0
0,0,0,0,0,1,0
0,0,0,0,1,0,1
0,1,0,0,0,1,0
1,0,0,0,1,1,0
0,0,0,0,0,0,0
1,1,1,0,0,1,1
0,0,0,0,1,0,0
0,1,0,0,0,1,0
0,0,0,0,0,0,0
0,0,0,0,0,0,0
0,0,0,0,0,1,0
0,0,0,0,1,0,0
0,1,0,0,0,1,0
0,1,0,0,1,0,0
0,0,0,0,1,0,0
1,1,0,0,1,1,0
0,0,0,0,1,0,0
1,0,0,0,0,0,1
1,0,0,0,1,1,0
0,0,0,0,0,0,0
1,0,0,0,0,0,0
0,0,0,0,0,0,0
1,0,0,0,0,0,0
0,1,0,0,0,1,0
0,0,0,0,0,0,0
0,0,0,1,0,0,0
0,0,0,0,0,0,1
1,0,0,0,0,0,0
1,0,0,0,0,0,0
0,0,0,0,0,0,0
0,1,0,0,0,0,0
0,0,0,0,0,0,0
0,0,0,0,0,1,0
0,1,0,0,0,1,0
0,0,0,1,0,0,0
0,0,0,0,0,1,0
1,0,0,0,0,1,1
0,0,0,0,1,0,0
0,0,0,0,1,0,0
0,0,0,0,0,1,0
0,1,0,0,0,1,0
0,0,0,0,1,0,0
1,1,0,0,0,0,0
1,0,0,1,0,0,0
0,0,0,0,0,1,0
0,0,0,0,0,0,0
1,1,0,0,1,1,0
1,0,0,0,1,0,0
0,0,0,0,0,0,0
1,1,1,1,1,1,1
0,0,0,0,0,0,0
0,0,0,0,1,0,0
0,0,0,0,0,0,0
0,0,0,0,1,0,0
1,0,0,0,0,0,0
1,1,1,0,0,0,1
0,0,0,0,1,0,0
0,0,0,0,0,1,0
0,0,0,0,0,1,0
1,0,0,0,0,1,0
1,0,0,0,0,0,0
1,0,1,1,0,1,0
0,0,0,0,0,0,0
0,0,0,0,1,0,0
1,1,1,0,0,1,0
1,1,1,0,0,1,0
1,1,0,0,0,1,0
0,0,0,0,1,0,0
0,0,0,0,0,0,0
0,1,1,0,0,1,0
0,0,0,0,0,0,0
0,0,0,0,1,0,1
1,1,1,0,1,0,0
0,0,0,0,0,0,0
0,0,0,0,0,0,0
1,1,0,0,0,1,0
0,0,0,0,0,0,0
1,1,0,0,0,0,0
1,1,1,0,0,0,0
0,0,0,0,1,0,0
0,0,0,0,0,0,0
0,0,0,0,0,0,0
0,0,0,0,0,0,0
0,0,0,1,0,0,0
0,0,0,0,0,1,0
1,1,1,0,1,1,0
1,0,0,0,0,1,0
0,0,0,1,0,0,0
0,0,0,0,0,0,0
1,0,1,0,1,1,0
1,0,0,0,0,1,0
1,1,0,0,0,1,0
0,0,0,0,0,0,0
1,1,1,0,1,1,0
0,0,0,0,1,0,0
1,1,1,0,1,1,1
1,1,0,0,0,1,0
0,0,0,0,1,1,0
0,1,1,0,0,1,0
0,0,0,0,1,0,1
0,0,0,0,1,0,0
1,0,0,0,0,1,0
0,0,0,0,0,1,0
1,0,0,0,0,0,0
0,0,0,0,1,0,0
0,1,1,0,0,1,0
1,0,0,0,0,0,1
1,0,0,0,0,0,0
1,1,0,0,0,1,1
1,0,0,0,1,1,0
0,1,0,0,0,1,0
0,1,1,0,0,1,0
0,0,0,1,1,0,0
0,0,0,0,1,0,1
0,0,0,0,0,0,0
1,1,0,0,1,1,0
0,0,0,0,1,1,0
1,0,1,0,0,0,0
0,0,0,0,0,0,0
0,0,0,0,0,0,0
0,0,0,0,0,0,1
1,0,0,0,0,0,0
0,0,0,0,0,0,0
0,1,1,0,0,1,1
1,0,0,0,0,0,0
1,1,0,0,1,1,0
0,0,0,0,0,0,0
1,1,1,1,1,1,1
0,0,0,0,0,0,0
0,0,0,0,1,0,0
1,1,0,0,0,1,0
0,1,0,0,1,0,0
0,0,0,0,1,0,0
0,0,0,1,0,0,1
0,0,0,0,0,0,0
0,0,0,0,0,0,0
0,0,0,0,0,1,0
0,0,0,0,0,0,1
1,1,1,0,1,1,0
0,1,0,0,0,0,0
1,1,1,0,1,0,0
1,1,0,0,0,1,0
1,0,0,0,0,0,0
1,1,0,1,1,1,1
1,0,0,0,0,0,0
1,0,0,0,1,1,0
0,0,0,0,0,0,0
0,0,0,0,0,1,0
1,1,1,0,1,0,0
0,1,0,0,0,0,0
0,0,0,0,1,0,0
0,0,0,1,1,0,1
0,0,0,0,1,0,0
1,1,0,0,0,1,0
0,0,0,0,0,1,0
0,0,0,0,0,0,0
1,0,0,1,0,0,1
1,1,0,0,1,0,0
0,0,0,0,0,0,0
1,1,1,0,0,1,0
1,1,1,0,0,1,0
0,0,0,0,1,0,1
1,1,0,0,0,1,0
1,0,0,0,1,0,1
0,0,0,0,0,0,1
1,1,1,1,1,0,1
0,0,0,0,0,0,1
0,1,0,0,1,0,0
0,0,0,1,1,0,1
0,1,0,0,0,1,0
0,0,0,0,0,0,0
1,1,0,0,1,0,0
0,0,0,0,0,1,0
1,0,0,0,0,0,0
1,0,0,0,1,0,0
0,0,0,0,0,1,0
0,0,0,1,1,0,0
1,1,1,1,1,1,0
0,0,0,0,0,0,0
0,0,0,0,0,0,0
0,0,0,0,0,0,0
0,0,0,0,1,0,0
0,0,0,0,0,0,0
1,0,0,0,0,1,0
1,0,0,0,0,1,0
0,0,0,0,0,0,1
0,1,1,0,1,1,0
0,0,0,0,1,0,0
0,0,0,0,0,1,0
0,0,0,0,0,0,0
1,1,1,0,0,0,0
1,0,0,0,1,0,0
1,1,0,0,1,0,0
0,1,1,0,0,1,0
0,0,1,0,0,0,0
1,1,1,0,0,1,0
1,0,0,0,1,0,0
1,0,0,0,0,0,0
0,0,0,0,0,0,0
0,1,1,0,1,1,1
0,0,0,0,0,0,0
1,1,1,0,0,1,0
0,1,1,1,1,1,1
0,0,0,0,1,0,1
1,1,1,0,0,1,0
0,0,0,0,0,0,0
1,0,0,0,0,1,0
0,0,0,0,0,1,0
0,0,0,0,1,0,1
0,0,0,0,0,0,0
0,0,0,0,1,0,0
0,0,0,0,1,0,0
1,1,0,0,0,1,0
1,1,1,0,0,1,0
0,1,1,0,0,1,0
1,0,0,0,1,0,0
0,0,0,0,0,0,0
0,0,0,0,1,0,0
1,0,1,0,1,1,0
1,0,0,0,1,0,0
0,0,0,0,1,0,0
1,1,0,0,0,1,0
0,0,0,0,0,0,0
1,1,1,0,0,1,0
1,0,0,0,1,0,0
0,0,0,0,1,1,0
0,0,0,0,0,0,0
1,0,0,0,1,0,0
0,0,1,0,0,1,0
1,0,1,0,1,0,1
0,0,0,0,0,0,0
1,0,0,0,1,0,0
0,0,0,0,0,0,0
0,1,1,1,1,1,0
1,1,1,0,1,0,0
1,0,0,0,0,0,0
0,0,0,0,0,0,0
1,1,1,0,1,0,0
1,0,0,0,1,0,0
1,0,0,0,0,0,0
1,1,1,0,0,1,0
1,1,1,0,0,1,0
0,0,0,1,0,1,1
1,1,0,0,0,1,0
1,1,1,0,1,1,1
0,0,0,0,1,0,0
1,1,0,0,0,1,0
0,0,0,0,1,0,0
1,0,0,0,0,1,0
0,0,1,0,1,0,0
1,1,1,0,0,1,0
0,1,0,0,0,1,0
0,0,0,1,1,0,0
0,0,0,0,0,1,0
1,0,0,0,0,0,0
0,0,0,0,0,0,0
1,0,0,0,0,1,0
0,0,0,0,0,0,0
0,0,0,0,0,0,0
0,0,0,0,0,1,0
1,0,1,0,0,1,0
1,0,0,1,0,0,0
0,0,0,0,0,0,0
1,0,0,0,1,1,0
0,0,0,0,1,0,1
1,1,1,0,0,1,0
1,1,1,0,0,1,1
0,0,0,0,0,0,0
0,1,0,0,0,1,0
0,0,0,0,0,1,1
0,0,0,0,0,1,0
1,0,0,0,1,0,1
1,0,0,0,0,0,0
0,0,1,1,0,1,0
0,0,0,0,0,0,0
0,0,0,0,0,1,0
0,0,0,0,0,0,0
1,1,1,0,0,1,1
1,0,0,0,0,1,0
0,0,0,1,0,0,0
1,0,0,1,1,0,0
1,0,0,0,0,0,0
1,0,0,0,0,1,0
0,0,0,0,0,0,0
0,1,0,1,0,1,0
0,0,0,0,0,0,1
1,0,1,1,0,0,1
0,0,0,0,0,0,0
0,0,0,0,0,0,0
0,0,0,0,0,1,0
0,0,0,0,0,0,0
1,0,1,0,1,1,0
1,1,0,0,0,0,0
1,1,1,0,0,1,1
1,0,0,0,0,0,0
0,0,0,0,0,1,0
0,1,0,0,0,0,1
0,0,0,0,0,1,0
1,0,0,0,0,0,0
1,0,0,0,0,1,1
1,1,1,0,1,1,0
0,0,1,0,0,0,0
1,0,0,0,0,0,0
0,0,0,0,1,0,0
1,0,0,0,0,0,0
0,0,0,0,1,0,0
0,1,0,0,0,1,0
0,0,0,0,0,1,0
1,1,1,0,0,1,1
1,1,1,0,0,1,0
0,0,0,0,0,0,0
1,0,0,0,0,0,0
0,1,0,1,1,1,0
0,1,0,0,0,0,1
0,1,1,0,1,1,0
1,0,0,0,1,0,0
0,0,0,0,0,1,0
1,1,1,0,0,1,0
0,0,0,0,0,0,0
0,0,0,0,0,0,0
1,0,0,0,0,0,1
1,1,1,1,1,1,1
0,0,0,0,0,1,0
0,0,0,0,0,0,0
0,0,0,0,0,0,0
1,0,0,0,0,0,0
0,0,0,0,1,0,0
1,1,0,0,1,1,0
0,0,0,0,1,0,0
0,0,0,0,0,0,0
0,0,0,1,0,0,1
0,1,1,0,0,1,0
0,0,0,0,0,1,0
0,0,0,0,1,0,0
0,0,0,0,0,0,1
1,0,0,0,0,1,0
0,0,0,0,1,1,0
1,0,0,0,0,0,0
1,1,0,0,0,1,0
0,0,0,0,1,1,0
1,0,0,0,0,0,0
0,1,0,0,0,0,0
0,0,0,0,0,1,0
0,0,0,0,0,0,0
1,0,0,0,0,0,0
1,0,0,0,1,1,0
0,1,1,0,1,1,0
0,0,0,0,1,0,0
0,0,1,0,0,0,0
1,0,0,1,0,1,0
0,0,0,0,0,0,0
0,0,0,0,1,0,0
1,0,0,0,1,1,0
1,0,0,0,0,0,0
1,1,0,0,1,1,1
0,1,0,0,0,1,0
1,1,0,0,1,1,0
0,0,0,1,0,1,1
1,1,1,0,0,1,0
0,0,0,0,1,0,0
0,0,0,0,0,0,0
1,1,1,0,0,1,0
1,0,0,0,0,0,0
0,0,0,0,0,0,0
0,0,0,0,0,1,1
0,0,0,0,0,1,0
1,0,0,1,0,0,1
0,0,0,0,1,0,1
0,0,0,0,1,0,0
1,1,1,1,0,0,1
0,1,1,0,0,1,1
1,0,0,0,1,0,1
0,0,0,0,1,0,0
1,1,0,0,0,0,0
0,0,0,0,0,0,0
1,1,0,0,0,1,0
1,0,0,0,1,0,0
1,0,0,0,0,0,0
1,1,0,0,0,1,0
0,0,1,0,0,0,1
0,1,0,0,0,1,0
0,1,0,1,0,1,1
0,1,0,0,0,1,0
0,0,0,0,0,0,0
0,0,0,0,1,1,0
0,0,0,0,0,0,0
0,0,0,0,0,0,0
0,0,0,0,0,0,0
0,0,0,0,0,0,0
1,1,0,0,0,1,0
0,0,0,0,0,0,0
0,0,0,0,0,0,0
1,1,0,0,0,1,0
0,0,0,1,1,0,1
1,1,1,0,0,1,0
0,1,0,0,1,0,1
0,0,0,0,1,1,1
0,0,1,0,0,0,0
1,1,0,0,1,1,1
0,0,1,0,0,1,1
0,0,0,0,0,0,0
0,1,0,0,0,0,0
0,0,0,0,0,0,0
1,1,1,0,0,1,0
0,0,0,0,1,0,0
1,1,1,0,0,1,0
0,0,0,0,1,0,0
0,0,0,0,1,0,0
1,0,1,1,1,0,1
0,0,0,0,0,0,1
1,1,0,0,0,1,0
0,0,0,1,0,0,0
0,0,0,0,0,1,0
1,1,0,0,0,1,0
0,0,0,0,0,0,0
1,0,0,0,1,0,0
1,1,0,0,0,1,0
1,0,0,0,0,1,0
1,1,1,0,0,1,0
0,0,0,0,0,0,0
1,0,1,0,1,1,0
0,0,0,0,0,0,0
1,0,0,0,1,0,0
0,0,0,0,1,0,1
1,0,0,0,0,0,0
1,1,1,1,1,1,1
0,0,0,0,0,0,0
0,0,0,0,0,0,0
1,1,1,0,0,1,1
0,0,0,0,0,0,0
0,0,0,0,1,0,1
1,0,0,0,0,0,0
0,0,0,0,0,0,0
0,0,0,0,0,1,0
0,1,0,0,1,0,0
0,0,0,0,0,0,0
0,0,0,0,0,0,0
1,1,1,0,0,1,0
0,0,0,0,0,0,0
0,0,0,0,1,0,1
0,0,0,0,0,1,0
0,0,0,0,0,0,0
1,1,0,0,1,1,0
1,1,1,0,1,0,0
1,0,0,0,0,1,0
0,0,0,0,1,1,0
1,0,0,0,0,0,0
1,0,0,0,1,1,0
0,0,0,0,0,1,1
1,0,0,0,0,1,0
1,1,1,0,0,1,0
0,0,0,0,1,0,0
1,1,1,0,1,1,0
0,0,0,0,0,0,0
0,0,0,0,0,0,0
1,1,1,1,1,1,0
1,1,0,0,0,1,0
1,0,1,0,0,1,0
0,0,1,0,0,0,0
0,0,0,0,0,0,0
1,1,0,1,0,1,0
1,0,0,0,0,0,0
0,0,0,0,1,0,0
0,0,1,0,1,1,0
1,1,0,0,0,1,0
0,0,0,1,0,0,0
0,0,0,0,1,0,0
1,1,0,0,0,0,0
1,1,0,0,1,1,0
0,0,1,0,1,1,1
1,0,0,0,0,1,0
0,0,0,0,1,1,0
0,0,0,0,0,1,0
1,1,0,0,0,1,0
0,0,0,0,0,0,1
0,0,0,0,0,0,0
0,0,0,1,1,0,0
0,0,0,0,0,0,0
0,0,0,0,0,0,0
0,0,0,0,0,1,0
0,0,0,1,0,0,1
0,0,0,0,0,0,0
0,1,1,0,1,1,1
1,1,0,0,0,1,0
0,0,0,0,0,1,0
0,0,0,0,0,0,0
1,0,0,0,0,0,0
0,0,0,0,1,0,1
0,0,0,0,0,0,0
0,1,1,0,1,1,0
0,0,0,0,0,0,0
1,1,0,1,0,1,0
0,0,0,0,0,1,1
0,0,0,0,1,0,0
0,0,0,1,0,0,0
0,1,1,0,0,1,0
1,0,1,0,0,0,0
0,1,0,0,0,1,0
0,0,0,0,0,0,0
1,0,0,0,1,1,0
0,0,0,0,1,0,1
0,0,0,0,0,0,0
0,0,0,0,0,1,0
1,1,0,0,0,1,0
1,1,0,0,0,1,1
1,1,0,0,1,1,1
0,0,0,0,1,0,0
1,1,0,0,0,1,0
0,0,0,0,1,1,0
1,1,1,0,1,1,1
0,0,0,0,0,0,0
0,0,0,0,0,0,0
1,0,1,0,1,0,1
0,0,1,0,0,1,0
1,0,0,0,0,0,0
1,0,0,0,1,0,0
1,1,0,0,0,0,0
1,0,0,0,0,0,1
0,0,0,0,1,1,1
0,0,0,0,0,1,0
1,1,1,0,0,1,0
1,0,0,0,0,0,1
0,0,0,0,0,0,0
0,0,0,0,1,0,0
1,1,0,0,0,1,0
0,0,0,0,1,0,0
1,1,1,0,0,0,0
0,0,0,0,1,0,0
0,0,0,0,1,0,1
0,0,0,1,1,1,0
0,0,0,0,0,1,0
0,0,0,0,0,1,0
0,1,0,0,1,0,0
0,1,0,0,0,1,0
0,0,0,0,0,1,0
0,1,0,0,1,1,0
0,0,0,1,1,0,1
0,0,0,1,0,0,1
0,0,0,0,0,0,0
1,1,1,0,0,1,0
0,0,0,0,0,1,0
0,0,0,0,0,0,1
0,0,1,1,1,0,0
1,0,0,0,1,0,0
0,0,0,0,1,0,0
1,1,0,0,1,1,0
1,0,0,0,1,1,0
1,0,1,0,1,0,0
0,1,1,0,0,1,0
1,0,0,1,1,0,0
1,0,0,0,0,0,0
0,0,0,0,0,0,0
1,1,1,0,1,0,0
0,0,0,0,1,0,0
1,0,0,0,1,1,0
0,0,0,0,0,0,0
1,1,0,0,0,1,0
1,1,0,0,0,1,0
1,1,1,0,1,1,1
0,0,1,0,0,0,0
1,1,0,0,1,1,0
1,0,0,0,1,1,0
0,0,0,0,1,1,0
0,0,0,0,1,0,0
1,0,0,0,0,0,0
0,0,0,0,1,0,0
0,0,0,0,0,0,0
0,0,0,0,0,0,0
1,0,0,0,0,1,0
0,0,0,0,0,0,1
0,1,0,0,0,0,0
0,0,0,0,0,0,0
1,0,0,0,1,0,0
0,0,0,1,1,0,0
0,1,0,0,0,0,0
1,0,1,0,0,0,0
0,1,1,0,0,1,1
0,0,0,0,0,1,0
1,0,0,0,0,0,1
0,0,0,0,0,1,0
0,0,0,0,0,0,0
0,1,0,0,0,0,0
0,0,0,0,1,0,0
0,0,0,0,0,0,0
1,0,0,0,0,1,0
1,1,0,0,1,0,0
0,0,0,0,0,0,0
0,0,0,0,0,1,0
1,0,0,0,0,0,0
0,1,1,0,1,1,1
0,0,0,0,0,0,0
1,0,0,0,1,0,0
1,1,1,0,0,1,0
0,1,0,0,0,0,0
1,1,0,0,0,1,0
1,0,0,0,0,0,0
1,0,0,0,0,1,0
0,0,0,0,0,0,0
0,1,0,1,0,1,1
0,1,0,0,0,1,0
0,0,0,1,0,0,0
0,0,0,0,1,0,0
1,1,1,0,1,1,0
0,0,0,0,1,0,0
0,1,0,1,1,1,1
0,0,0,0,0,0,0
0,0,0,0,0,1,0
0,1,1,0,0,0,0
0,0,0,0,0,0,0
0,1,0,0,0,0,1
0,1,0,0,0,1,0
0,0,0,0,1,0,0
0,0,0,0,0,0,0
0,1,1,0,0,1,0
1,0,0,0,0,0,0
0,0,0,0,1,0,0
0,0,0,0,0,0,0
1,1,1,0,0,1,0
0,0,0,0,0,0,0
1,0,0,0,1,0,0
0,0,0,0,0,0,0
1,0,1,0,0,1,0
0,0,1,1,0,0,0
1,1,0,0,1,0,0
0,1,1,0,0,1,0
0,0,0,0,0,0,0
1,0,0,0,1,0,0
1,0,0,0,0,0,0
0,1,0,0,0,1,1
0,0,0,0,0,0,1
0,0,0,1,0,1,0
0,0,0,0,1,0,0
0,0,0,0,0,0,1
1,1,1,1,0,1,0
0,0,0,0,0,0,0
0,0,0,0,0,0,0
1,0,1,0,0,0,0
1,0,0,0,0,0,0
1,1,0,0,1,1,1
0,1,0,0,1,1,0
0,0,0,0,1,1,0
0,0,0,0,1,0,0
0,0,0,0,0,1,0
0,1,1,0,0,1,0
0,0,0,0,0,0,0
0,0,0,0,0,0,0
0,1,0,0,1,0,0
0,0,0,0,0,0,0
0,0,0,0,0,0,0
1,0,0,0,1,0,0
0,1,1,0,0,1,0
1,1,1,0,1,1,0
0,0,0,0,0,0,0
0,0,0,0,0,0,0
1,1,0,0,1,1,0
1,0,0,0,0,0,0
0,0,0,0,0,0,0
0,0,0,0,0,0,1
1,0,0,0,0,0,0
1,1,0,0,0,1,0
1,1,0,0,0,0,0
0,0,0,0,0,0,0
0,0,0,0,1,1,1
0,0,0,1,1,0,0
0,1,0,0,0,0,1
1,0,0,1,0,0,0
1,1,1,0,1,1,0
0,0,0,0,1,0,1
0,0,0,1,1,0,0
1,1,0,0,0,1,0
1,0,0,0,0,0,0
0,0,0,0,0,0,0
0,0,0,0,0,1,0
1,0,0,0,0,0,0
0,0,0,0,0,0,0
0,0,0,0,0,1,0
0,0,0,0,0,0,0
1,1,0,0,0,1,1
0,0,0,0,0,0,0
1,1,0,0,0,0,0
0,1,0,0,0,0,0
0,0,0,0,1,0,0
0,0,1,0,0,1,0
1,0,0,0,1,0,1
0,0,0,0,0,0,1
0,0,0,0,0,0,0
1,0,0,0,0,1,0
0,0,0,0,0,1,0
1,0,0,0,0,1,0
0,0,0,0,0,0,0
1,1,1,0,0,1,0
0,0,0,0,1,0,1
0,0,0,0,0,1,0
1,1,0,0,1,1,0
0,0,0,0,1,0,0
0,0,0,0,1,0,0
0,0,0,0,0,0,0
0,0,0,0,0,0,1
1,1,0,0,0,1,0
1,0,0,0,1,0,0
0,0,0,0,1,0,0
0,0,0,0,1,1,0
1,0,0,0,0,0,0
0,0,0,0,0,0,0
0,1,0,0,0,0,0
0,0,0,0,0,0,0
1,0,0,0,0,1,0
1,1,0,0,0,1,0
1,0,1,0,0,0,0
0,0,0,0,0,0,0
0,0,0,0,1,0,0
1,1,0,0,0,1,0
1,1,1,0,0,0,0
0,0,0,0,0,1,0
0,0,0,0,0,1,0
1,0,1,0,0,0,0
0,0,0,0,0,0,1
1,0,1,0,1,1,0
0,0,0,0,0,0,0
0,1,0,0,1,1,1
1,1,0,0,0,1,0
0,0,0,0,1,0,0
1,0,0,0,1,1,0
1,1,1,0,0,1,0
0,0,0,0,0,0,0
0,0,0,0,1,1,0
1,0,0,1,1,0,1
0,1,0,0,0,1,0
1,0,0,0,0,0,0
1,1,1,0,1,1,0
1,0,0,0,0,0,0
0,0,0,0,0,0,0
0,1,1,0,1,1,0
0,0,0,0,0,0,1
1,0,0,0,0,0,0
0,0,0,0,0,1,0
1,0,0,0,0,0,0
0,0,0,1,0,0,1
0,0,0,0,0,0,0
0,0,0,0,0,1,0
0,0,0,0,0,0,0
1,1,1,0,0,1,0
0,1,1,0,1,1,0
0,0,0,0,0,0,0
0,0,1,0,1,0,1
0,0,1,0,1,1,1
1,0,0,0,0,0,0
0,1,1,0,0,1,1
0,0,0,0,0,1,0
0,0,0,0,0,0,0
0,0,0,0,0,0,0
0,0,0,0,0,1,0
0,0,0,0,1,0,0
1,1,0,0,0,1,0
0,0,0,0,0,0,0
1,0,1,0,1,1,0
0,1,0,1,1,0,1
1,1,0,0,0,1,0
0,0,0,0,0,1,0
1,0,0,0,1,0,0
0,0,0,0,0,0,0
1,0,1,0,0,0,0
0,0,0,0,0,1,0
0,0,0,0,0,0,0
0,0,1,1,1,1,0
0,0,0,0,0,0,0
0,0,0,0,0,0,0
0,0,0,0,0,1,1
1,0,0,0,1,0,1
0,0,0,0,0,0,0
1,1,1,1,0,1,0
1,0,0,1,0,0,1
0,0,0,0,1,0,0
0,0,0,0,1,0,0
0,0,0,0,0,0,0
0,0,1,1,1,0,0
0,0,0,0,1,0,0
0,0,0,0,0,0,0
0,0,1,0,0,1,0
1,0,0,0,1,0,1
1,0,0,0,0,0,0
1,1,0,0,1,1,0
0,0,0,0,0,0,0
1,0,0,1,1,0,0
0,1,1,0,0,0,0
1,0,0,0,1,1,0
1,1,0,0,0,1,0
0,1,1,0,1,0,1
1,1,1,0,0,1,0
1,0,1,1,1,0,0
0,0,0,0,0,0,0
0,0,0,0,0,0,0
0,0,0,0,0,0,0
0,0,0,0,1,0,0
0,1,1,1,0,1,0
0,1,0,0,0,1,0
0,0,0,0,0,0,0
0,1,0,1,1,1,1
0,0,0,0,0,0,0
0,0,0,0,0,0,0
0,0,0,0,0,1,0
0,0,1,0,0,1,0
1,1,0,0,0,1,0
0,0,0,1,0,0,1
0,1,1,0,0,1,0
1,1,0,0,0,1,0
0,1,1,1,1,1,1
1,0,1,1,0,1,0
1,1,0,0,0,1,0
0,1,1,0,0,1,0
1,0,1,0,1,1,1
0,0,0,0,0,0,0
1,1,1,0,0,1,1
0,0,0,1,0,0,0
0,1,0,0,0,1,0
0,0,0,0,0,0,0
0,0,0,0,0,1,0
1,0,0,0,1,1,0
0,0,0,0,0,0,0
0,0,0,0,0,1,0
0,0,0,0,1,1,0
1,1,0,0,0,1,0
0,0,0,0,0,0,1
1,0,0,1,1,0,1
1,0,0,0,1,0,0
0,0,0,0,0,0,0
0,0,0,0,0,1,0
1,1,1,0,1,1,0
0,1,0,0,0,0,0
0,0,0,0,1,0,0
0,0,0,0,1,0,0
0,0,0,0,0,0,0
0,0,0,1,1,1,0
1,1,1,0,0,1,0
0,0,0,0,0,0,0
1,1,1,0,0,1,1
0,0,0,0,0,0,0
0,0,0,0,1,0,0
0,0,0,0,1,0,0
1,0,1,0,0,1,0
0,0,0,0,0,0,0
1,0,0,0,0,0,0
1,0,0,0,1,0,0
0,0,0,0,0,0,1
1,1,1,0,0,1,0
1,0,1,0,1,0,0
0,0,0,0,0,1,0
1,0,0,0,0,1,0
1,1,0,0,1,1,1
1,0,0,0,0,1,0
0,0,0,0,0,0,0
1,0,0,1,1,1,0
0,0,0,0,1,0,0
0,0,0,0,0,0,1
1,0,0,0,1,0,0
0,0,0,0,0,0,0
0,0,0,0,0,1,0
1,0,1,1,1,1,0
1,1,0,1,1,1,0
0,0,0,0,1,0,0
1,1,1,0,0,1,1
1,0,0,0,1,0,0
0,0,0,1,0,0,1
0,0,0,0,1,0,0
1,1,0,0,0,1,1
0,0,0,0,0,1,0
1,0,0,0,0,0,1
0,0,0,0,0,0,1
1,0,0,0,1,0,1
1,0,1,0,0,1,0
0,0,0,0,0,0,0
0,0,0,0,1,0,0
0,0,0,0,0,1,0
0,0,0,0,0,1,0
0,1,0,0,0,1,0
0,0,0,0,1,0,0
0,0,1,0,1,0,1
0,0,0,0,0,0,1
0,1,0,1,1,1,1
1,1,1,0,0,1,1
0,0,0,1,1,0,1
1,1,1,0,0,1,0
0,0,0,1,1,0,1
0,0,0,0,0,0,0
1,0,1,0,0,0,0
1,1,0,0,0,0,0
0,1,0,0,0,1,0
1,0,0,0,0,0,0
1,1,1,0,0,1,0
0,1,0,0,1,0,0
0,1,0,0,0,1,1
1,1,1,0,1,0,1
0,0,0,0,0,0,0
0,1,0,0,0,1,0
0,0,1,0,1,0,0
0,1,0,0,0,1,0
0,0,0,0,0,1,0
1,0,0,0,1,0,0
0,0,0,0,0,0,0
0,0,0,0,1,0,0
0,0,0,0,0,0,0
1,0,1,0,0,1,0
0,0,0,1,0,0,0
1,1,1,0,0,1,0
1,0,0,0,0,1,0
0,0,0,0,0,0,1
0,0,0,0,0,0,0
1,0,0,0,1,0,0
0,0,0,0,0,0,0
1,1,1,0,0,1,0
0,0,0,0,0,0,1
0,0,0,0,0,1,0
0,0,0,0,0,0,1
0,0,0,0,0,0,0
1,0,0,0,0,1,1
0,0,0,0,1,0,1
0,0,0,0,0,0,0
0,1,0,0,0,1,1
1,0,0,0,1,0,0
1,1,0,0,1,1,0
0,1,0,0,0,0,0
0,0,0,0,0,0,0
0,0,0,0,1,0,0
1,0,0,1,1,0,0
1,0,1,0,1,0,0
1,0,0,0,0,0,0
1,1,0,0,1,0,0
0,0,0,0,0,1,0
1,0,0,0,1,0,0
0,0,0,0,0,0,0
0,1,0,0,1,1,0
0,0,0,0,1,0,1
1,0,1,1,1,1,0
1,0,0,0,1,1,1
1,0,0,0,0,0,0
1,1,1,0,0,1,0
0,0,0,0,0,1,0
0,0,0,0,0,0,1
0,0,0,0,0,1,0
0,1,1,0,0,1,0
1,0,1,0,1,0,0
0,0,0,0,0,0,0
0,0,0,0,1,0,0
0,0,0,0,0,0,0
1,1,0,0,0,1,0
0,1,1,0,0,1,0
0,0,0,0,0,0,0
1,0,0,0,0,0,0
0,0,0,0,0,0,0
1,1,1,0,1,1,0
0,0,0,0,0,0,0
0,1,0,0,0,0,0
0,1,0,0,0,1,1
0,0,0,1,0,0,1
0,0,0,0,0,0,1
0,1,0,0,1,1,0
1,0,0,0,0,0,0
0,1,0,0,0,1,0
1,1,0,0,0,0,0
0,0,0,0,0,0,0
1,0,0,0,0,0,0
0,1,1,0,0,1,0
0,0,0,0,0,0,0
0,1,0,0,0,1,0
0,0,0,0,1,0,0
0,1,0,0,1,1,0
0,1,0,0,0,0,0
1,1,0,0,1,1,1
0,0,0,0,0,0,0
1,0,0,0,1,0,0
0,0,0,1,1,0,0
0,1,0,0,0,1,0
0,0,0,0,0,0,0
0,1,1,0,0,0,0
0,1,0,0,0,0,0
1,1,1,0,0,1,0
0,0,0,0,0,1,0
0,1,1,0,0,1,1
0,0,0,0,0,0,1
1,0,0,0,1,1,0
1,1,1,1,0,1,0
0,0,0,0,1,0,0
0,0,0,0,0,0,0
0,0,0,0,0,0,0
1,1,0,0,1,1,0
1,0,0,0,1,0,0
0,0,1,1,1,0,0
1,1,0,0,1,0,0
1,0,0,0,0,1,0
0,1,0,0,0,0,0
1,0,0,0,0,1,0
1,0,0,0,0,1,1
1,1,0,0,0,1,1
1,1,1,1,0,0,1
0,0,0,0,0,0,0
0,0,1,0,1,0,1
1,1,0,0,1,0,0
0,0,0,0,1,1,0
1,1,0,0,1,1,0
1,0,1,0,0,0,0
1,1,0,0,0,1,0
0,0,0,0,0,0,0
1,1,0,0,1,1,0
1,1,1,0,1,1,1
1,1,1,0,0,1,0
1,1,1,0,0,1,0
0,0,0,0,0,0,0
0,1,0,0,0,1,0
0,1,0,0,1,1,0
1,1,0,0,0,1,0
1,1,0,0,0,1,1
0,0,0,0,0,0,0
1,0,0,0,0,1,0
0,0,0,1,0,0,0
0,0,1,0,1,0,0
0,0,0,0,0,0,1
0,0,0,0,0,1,0
0,1,1,0,0,1,0
0,0,0,0,1,0,0
1,0,0,0,0,1,0
0,0,0,0,1,0,1
1,0,0,0,1,0,0
0,1,0,0,0,1,1
1,1,1,0,0,0,1
1,0,0,1,0,1,0
0,0,0,0,1,0,0
0,1,0,0,0,1,0
1,1,0,0,0,1,1
1,0,0,1,0,0,0
0,0,0,0,0,1,0
1,0,0,0,1,0,0
1,1,1,1,0,1,0
1,0,0,0,1,0,0
0,0,0,0,0,0,0
1,1,1,0,0,1,0
0,0,0,0,0,0,0
1,1,0,0,1,1,0
0,1,1,0,1,1,0
1,0,0,0,1,0,0
0,0,0,0,0,1,0
1,0,0,0,1,0,0
0,0,0,0,0,0,0
0,0,0,0,0,0,0
1,0,0,0,0,0,0
0,0,0,0,1,0,0
0,0,0,0,1,0,0
0,0,0,0,0,0,0
0,1,0,0,0,1,0
1,0,1,0,0,1,0
1,0,1,0,1,1,1
1,0,0,0,0,0,0
0,0,0,0,0,0,0
0,0,0,0,0,0,0
1,0,1,0,0,1,0
0,0,0,0,0,0,1
0,0,0,0,0,0,0
1,0,0,0,0,1,0
0,0,0,0,0,0,0
0,0,0,0,0,0,0
1,1,1,0,0,1,0
1,1,1,0,0,1,0
0,0,0,0,1,0,0
0,0,0,0,0,0,0
1,0,0,0,0,0,0
1,1,0,0,0,1,0
0,0,0,0,0,0,0
0,0,0,1,1,0,0
0,0,0,0,0,1,0
0,0,0,1,0,0,1
0,0,0,0,1,0,0
0,0,0,0,1,0,0
0,1,0,1,1,1,1
0,0,0,0,0,0,0
0,0,0,0,0,1,1
1,1,1,0,0,1,0
0,0,0,0,0,0,0
0,0,0,0,0,0,0
0,0,0,0,0,0,0
1,0,0,0,0,1,0
0,1,0,0,1,1,0
0,0,0,0,1,0,0
0,0,0,0,1,0,0
0,0,0,1,1,0,0
0,1,0,0,1,1,0
1,1,0,0,0,1,1
0,0,0,0,0,1,0
0,0,0,0,0,0,0
0,0,0,0,0,0,0
0,0,0,0,1,1,0
1,1,0,0,0,1,0
0,0,0,0,0,0,0
0,0,0,0,1,0,1
1,0,1,0,0,1,0
0,0,0,0,1,0,0
0,0,0,0,1,0,0
1,1,1,0,1,1,0
1,0,0,0,0,0,1
1,1,1,0,0,1,0
1,0,1,0,0,0,0
0,0,0,0,0,0,0
0,0,0,0,0,0,0
0,1,0,0,0,1,0
0,0,0,0,1,1,0
0,0,0,0,0,0,0
0,1,0,0,1,1,0
1,0,0,0,1,0,0
0,0,0,0,1,1,0
0,1,1,0,1,1,0
1,0,0,0,0,1,0
1,1,1,0,1,1,0
1,1,1,1,1,1,1
1,1,1,0,1,1,0
1,0,1,0,0,1,0
0,0,0,0,0,0,0
0,0,0,0,0,0,0
1,0,0,0,0,0,0
0,0,0,0,0,0,0
0,0,0,0,0,0,0
0,0,0,0,0,0,0
1,0,0,0,0,0,0
0,1,0,0,1,1,0
1,0,0,0,1,0,0
0,0,0,0,0,1,0
0,0,0,1,1,0,0
0,0,0,0,1,0,0
1,1,1,0,0,1,0
1,0,0,0,1,0,0
0,0,0,0,1,0,1
0,0,0,0,0,0,0
0,1,0,0,1,1,1
1,1,0,0,0,0,1
0,0,0,0,0,0,0
1,0,0,0,0,0,0
0,0,1,1,1,1,1
0,0,0,0,1,0,0
0,0,0,0,1,1,0
1,1,1,0,0,1,0
0,0,0,0,0,0,0
1,1,0,1,1,1,1
0,0,0,1,0,0,0
0,0,0,0,0,0,1
0,1,0,0,0,1,0
1,0,0,0,0,1,0
0,0,0,0,1,0,0
1,0,0,0,1,0,0
1,1,0,0,0,0,0
1,1,0,0,1,1,0
1,0,0,0,1,1,0
0,0,0,0,1,0,0
0,1,1,1,0,1,0
0,0,0,0,0,0,0
1,0,0,0,0,0,0
0,0,0,0,0,1,0
0,0,0,0,0,0,0
1,0,0,0,1,0,0
1,0,0,0,1,0,0
0,0,0,0,1,0,0
1,0,0,0,0,0,0
1,0,0,0,0,0,0
0,0,0,0,0,1,0
0,0,0,0,0,0,0
0,0,0,0,0,1,0
0,0,1,0,0,0,0
1,0,1,0,0,1,0
1,1,1,0,1,1,0
0,0,0,1,1,0,0
0,0,0,0,1,0,0
0,0,0,0,1,0,0
1,1,1,0,1,1,1
0,0,0,0,1,0,0
0,0,0,0,1,0,1
1,0,0,0,1,0,0
1,1,0,0,0,1,0
0,0,0,0,0,0,1
1,1,1,0,0,0,0
0,0,0,0,0,0,1
0,1,0,0,0,1,0
0,0,0,0,0,0,0
0,0,0,0,0,0,0
0,0,0,0,1,0,0
0,0,0,0,0,0,0
0,0,0,0,1,0,0
1,1,0,0,0,1,0
0,0,1,0,0,1,0
0,0,0,0,0,1,0
0,0,0,0,0,0,0
0,0,0,1,1,0,0
0,0,0,0,0,0,0
0,0,0,0,0,0,0
0,0,0,0,0,0,0
1,0,0,0,0,0,0
0,0,0,0,0,0,0
0,0,0,0,0,0,0
0,0,0,0,1,0,0
0,0,0,1,1,0,0
0,0,0,0,0,0,0
0,0,0,0,0,0,0
0,0,0,0,1,0,0
1,0,0,0,0,0,0
0,0,0,1,0,0,0
1,1,0,0,0,0,1
0,0,0,0,1,0,0
0,0,0,0,0,0,0
0,0,0,0,0,1,0
0,1,1,0,1,1,0
0,0,0,0,0,0,0
0,0,0,0,1,1,0
0,0,0,0,0,0,1
0,0,0,0,0,0,0
1,0,1,0,0,0,0
1,0,1,0,0,0,0
0,1,1,1,0,1,0
1,1,0,0,0,1,0
1,1,0,0,0,1,0
0,1,0,0,1,0,0
0,0,0,0,0,0,1
0,0,0,0,0,0,0
0,0,0,0,1,0,0
1,0,0,0,1,0,0
0,1,1,0,0,1,0
0,0,0,0,1,0,0
0,1,1,0,0,1,0
1,0,0,0,0,0,0
1,0,0,0,0,0,0
0,0,0,0,0,0,0
0,1,0,0,0,0,0
0,1,0,0,1,1,0
1,0,1,0,0,1,0
0,0,0,0,1,1,0
1,1,1,0,0,1,0
0,0,0,0,1,0,0
0,0,0,0,0,0,0
0,1,0,0,0,0,1
1,0,0,0,1,0,0
0,0,0,0,0,1,0
1,0,1,0,1,0,0
1,1,0,0,0,1,0
0,0,0,1,1,0,0
0,0,0,0,0,0,0
0,0,1,0,0,0,0
0,0,0,0,0,0,0
1,0,0,0,0,0,0
1,1,0,0,0,1,0
0,0,0,1,1,1,0
1,0,1,0,0,0,0
0,0,0,0,0,0,1
1,0,0,0,1,1,0
1,0,0,0,1,0,0
0,0,0,0,1,0,0
0,0,0,0,0,0,0
0,0,0,0,0,0,0
1,0,0,0,0,0,1
1,1,0,0,1,1,0
1,1,1,0,0,1,0
1,1,1,0,0,1,0
1,1,1,0,0,1,0
1,1,0,0,0,1,0
0,0,0,0,1,0,0
1,0,0,1,1,0,0
0,0,0,0,0,0,0
0,0,1,0,0,0,0
0,0,0,0,0,1,0
0,0,0,0,0,0,0
0,0,0,0,0,1,0
1,0,0,0,1,0,0
1,1,0,1,1,0,1
0,0,0,1,0,0,0
0,1,0,0,1,1,0
0,0,0,0,0,1,0
0,0,0,0,1,0,0
1,1,1,0,0,1,0
1,0,0,0,0,0,1
1,0,0,1,0,1,0
0,0,0,0,1,0,0
1,1,1,0,0,1,0
1,0,0,1,1,0,0
0,0,0,0,0,0,0
0,0,0,0,0,0,0
0,0,1,0,0,1,0
0,0,0,0,1,0,0
0,0,0,1,1,0,1
1,1,0,0,0,1,0
0,0,0,0,1,0,1
0,0,0,0,1,0,0
0,0,0,0,0,0,0
0,0,0,0,0,0,1
0,0,0,1,1,0,0
0,0,0,0,0,0,0
0,1,0,0,0,1,0
0,0,0,1,1,0,0
1,1,0,0,0,1,1
1,1,0,1,1,1,0
0,1,1,0,0,1,0
0,0,0,0,0,0,0
1,1,1,0,1,1,0
0,0,0,0,0,1,0
0,0,0,0,0,0,0
0,0,0,0,0,0,0
0,0,1,0,0,1,0
0,1,1,0,0,1,0
1,1,1,0,0,0,0
1,0,0,0,0,1,0
1,0,0,1,1,1,1
1,1,0,0,1,1,0
0,0,0,0,0,0,0
0,0,0,0,1,0,0
1,1,0,0,0,1,0
1,0,0,0,0,0,0
1,0,0,0,0,1,0
0,0,0,0,1,0,0
0,0,0,0,0,1,0
1,0,0,0,0,1,0
1,0,0,0,1,1,0
1,1,0,0,0,1,0
0,0,0,0,0,1,0
0,0,0,0,0,0,0
0,1,0,0,0,0,0
1,1,0,0,0,1,0
1,0,0,1,1,0,0
1,1,1,1,0,1,0
0,0,0,0,0,0,0
0,0,0,0,1,0,0
0,0,1,0,0,0,0
1,1,0,1,0,0,1
0,0,0,1,0,0,0
0,1,0,0,1,1,0
0,0,0,1,1,1,0
1,1,1,0,0,1,0
0,0,0,1,0,0,0
0,0,0,0,0,1,0
0,0,0,0,0,0,0
0,0,1,0,1,1,0
0,1,0,0,0,1,0
0,0,1,0,0,1,0
1,1,0,0,0,1,0
1,1,1,0,0,1,0
0,0,0,0,0,0,0
0,0,0,0,0,1,0
0,0,0,0,0,0,0
1,0,0,0,0,0,1
0,0,0,0,0,0,0
1,1,1,0,0,1,1
0,0,0,0,0,0,0
0,0,0,0,0,0,0
0,1,1,0,1,0,1
0,0,0,0,0,1,0
0,0,0,0,0,0,0
0,0,1,0,0,1,0
1,0,0,0,0,0,0
0,0,0,0,1,0,0
1,0,0,0,1,0,0
0,0,0,0,0,0,0
0,0,0,0,0,0,0
1,1,1,0,1,1,0
1,0,0,1,0,0,1
0,1,0,1,1,1,0
0,0,0,0,0,0,0
1,1,0,0,0,1,0
0,0,0,0,0,0,0
0,0,0,0,0,1,0
0,0,0,0,1,0,0
1,0,0,0,1,0,1
0,0,1,0,0,1,1
0,0,0,0,1,0,0
1,0,1,0,1,1,0
1,0,0,0,1,0,0
0,1,0,0,0,1,0
1,0,0,0,0,0,0
0,0,0,0,0,1,0
1,1,0,1,1,0,1
0,0,1,0,1,1,1
0,0,0,0,1,1,0
1,1,1,0,0,1,0
0,0,0,0,1,0,0
0,0,0,1,1,1,0
1,1,0,0,0,0,0
0,0,0,0,1,0,0
1,1,0,0,0,0,1
0,0,0,0,0,1,1
0,1,0,0,0,1,0
1,1,1,1,0,1,0
1,1,0,0,0,1,1
0,0,0,0,0,1,0
0,0,0,0,0,0,0
1,1,0,0,1,1,0
0,0,0,0,0,1,0
1,0,1,0,1,1,0
1,1,1,0,1,1,0
0,0,0,0,1,0,0
1,1,0,0,0,1,0
0,0,0,0,0,0,0
0,0,0,0,0,0,0
1,0,0,0,0,0,0
0,0,0,0,0,0,0
0,0,0,0,0,1,1
1,0,0,1,0,0,0
0,0,0,0,0,0,0
0,1,0,0,1,0,0
1,0,1,0,0,1,1
0,0,0,0,0,0,0
0,0,0,0,0,0,0
1,1,0,0,0,1,0
1,0,0,0,0,0,0
0,0,0,0,0,0,0
1,0,1,1,1,0,0
0,0,0,0,0,0,0
0,0,0,0,1,0,0
0,0,0,0,1,0,0
1,0,1,1,0,1,0
1,0,0,1,1,0,0
1,1,1,0,1,1,1
0,0,0,0,0,0,0
1,1,1,0,0,1,1
0,0,0,0,0,0,0
1,1,1,0,0,1,0
1,0,1,0,0,1,0
1,0,0,0,0,0,0
0,0,0,0,0,1,0
0,1,0,0,0,0,0
0,0,0,0,0,0,0
0,0,0,0,1,0,0
0,0,0,0,1,0,0
0,0,0,0,0,0,0
1,0,0,0,1,0,0
0,0,0,0,0,0,0
0,1,1,0,0,1,1
0,0,0,0,0,0,0
1,1,1,0,0,1,0
0,0,1,0,1,1,0
1,0,1,0,1,1,0
0,1,0,0,0,0,0
1,0,1,0,0,1,1
1,1,0,0,0,1,0
0,0,0,0,1,0,0
0,0,0,0,1,1,0
0,0,1,0,0,0,0
0,0,0,0,0,0,0
0,0,0,0,1,0,0
0,0,0,0,0,0,0
1,1,1,0,0,1,0
1,1,1,0,0,1,1
1,0,0,0,1,0,0
1,1,1,0,1,1,1
0,0,0,1,1,0,0
1,0,0,0,0,0,0
0,1,0,0,1,1,1
0,0,1,0,0,0,0
0,0,0,0,0,0,0
0,0,0,0,0,0,0
1,1,0,0,1,1,0
1,1,1,0,0,1,1
0,0,0,0,0,0,0
0,1,0,0,1,1,0
0,0,1,0,0,1,0
0,0,0,0,0,0,0
1,1,1,0,1,1,0
0,0,0,0,0,0,0
1,0,0,0,0,0,0
1,1,1,0,0,1,1
0,0,0,0,1,0,0
1,0,0,0,0,0,1
1,0,0,0,0,0,0
1,1,1,0,0,1,1
1,0,0,0,0,1,0
0,0,0,1,0,0,1
0,0,0,0,0,1,0
0,0,0,0,1,0,0
0,0,0,0,0,0,0
0,0,0,1,1,0,0
1,1,1,0,0,0,0
0,0,0,0,1,0,0
0,0,0,0,0,0,0
0,0,1,0,1,1,0
0,0,0,1,1,0,0
0,0,0,0,0,0,0
1,1,0,0,1,1,0
0,0,0,0,0,0,0
0,0,0,0,1,0,0
0,0,0,0,1,1,0
1,1,0,0,0,1,0
0,0,0,0,1,1,0
0,0,0,0,1,0,0
1,0,0,0,0,0,0
0,0,0,0,0,0,0
0,0,0,0,1,0,0
0,0,0,0,1,0,0
1,1,0,0,0,0,1
1,1,0,0,0,1,0
1,0,0,0,1,0,0
1,0,0,0,0,0,0
1,1,0,0,1,0,0
1,0,0,1,1,0,1
0,0,0,0,0,0,0
1,1,1,0,0,1,0
0,0,1,0,0,0,0
0,0,0,0,1,1,0
1,0,0,0,1,0,0
0,0,0,0,0,0,0
0,0,0,0,0,1,0
0,0,0,0,0,1,0
0,0,0,0,0,0,0
1,1,1,0,0,1,0
0,1,0,0,1,1,0
1,0,0,0,0,0,0
0,0,0,0,0,0,0
0,0,0,0,1,0,0
0,0,0,0,1,0,0
1,0,0,0,0,0,0
0,0,0,0,0,0,1
0,0,0,0,0,0,0
0,1,1,0,0,1,0
0,0,0,0,0,0,0
0,0,0,0,0,0,0
1,1,0,0,0,1,0
1,1,1,0,0,1,0
0,0,0,1,1,1,1
0,0,0,0,0,1,0
0,0,0,0,0,1,1
0,0,0,0,1,0,1
0,1,0,0,1,0,1
1,0,0,0,0,0,0
1,0,0,0,0,0,0
1,0,0,0,0,0,0
0,0,0,0,1,1,0
0,0,1,0,1,0,0
1,1,1,0,1,1,1
0,0,0,0,0,0,0
0,0,0,0,0,0,0
1,0,0,0,0,1,0
1,0,0,1,0,0,1
1,1,0,0,0,1,0
1,0,0,0,0,0,0
1,0,0,0,0,0,0
1,1,1,0,0,1,0
0,0,0,0,0,1,0
0,0,0,0,0,0,0
1,0,1,0,1,0,0
1,0,0,0,1,0,0
1,0,0,0,0,1,0
0,0,1,0,0,1,0
0,0,0,0,1,1,0
1,1,0,1,1,1,0
0,0,0,0,0,0,0
1,1,1,0,1,1,0
0,0,1,0,0,1,0
1,1,1,0,0,1,0
1,1,1,0,0,1,0
1,0,0,0,0,1,0
1,1,1,0,0,1,0
0,0,0,0,1,0,1
1,0,0,0,1,1,1
1,0,0,0,0,1,0
0,0,0,0,1,0,0
1,1,1,1,1,1,0
0,0,0,0,1,0,0
1,1,1,0,1,1,1
0,0,0,0,0,0,0
0,0,0,0,0,0,0
1,1,0,0,0,1,0
0,0,0,0,0,0,0
0,0,0,1,0,0,0
0,0,0,0,0,0,0
1,0,0,0,0,0,0
0,0,0,0,0,0,1
0,0,0,0,0,1,0
0,0,0,0,0,0,0
0,1,0,0,1,1,1
1,1,1,0,0,1,0
1,0,0,0,0,1,0
1,1,0,0,1,1,1
1,1,0,0,0,1,0
1,0,0,0,0,0,0
0,0,0,0,0,0,0
1,1,1,0,1,1,0
0,0,0,0,0,0,1
1,0,0,0,0,0,0
0,1,0,1,0,0,0
0,1,1,1,1,1,1
0,1,0,0,0,1,0
1,0,1,0,1,1,0
1,0,0,0,0,0,0
0,1,1,0,0,1,0
0,0,0,0,1,0,1
0,0,0,0,0,0,0
0,0,0,0,0,1,0
1,0,0,0,0,1,0
0,0,0,0,0,0,0
1,0,1,0,0,0,0
0,0,0,0,0,0,0
1,1,1,0,0,1,0
0,0,0,0,0,0,0
1,1,0,0,0,0,0
0,0,0,0,0,1,0
0,1,1,0,1,0,0
0,0,0,0,0,0,0
0,0,0,0,0,0,0
0,0,0,0,0,0,1
1,1,0,0,0,1,1
0,0,0,0,1,0,0
1,1,1,0,1,1,0
0,1,0,0,0,1,0
0,0,0,0,0,0,0
0,0,0,0,0,0,0
0,0,0,0,1,0,0
1,0,0,0,1,1,0
0,0,0,0,1,0,0
1,0,0,0,1,0,0
0,0,0,0,0,0,0
1,1,0,0,0,0,0
0,0,0,0,0,0,1
1,0,0,0,0,0,0
0,0,0,0,0,0,0
1,0,0,0,0,0,0
1,0,1,0,0,1,0
0,0,0,0,0,0,0
0,0,0,0,1,1,0
0,0,0,0,0,0,0
1,1,0,0,0,1,0
1,0,1,0,1,1,0
1,0,0,0,0,0,0
0,0,0,0,0,0,0
0,0,0,0,0,0,0
0,0,0,0,0,0,0
1,0,0,0,0,0,0
1,0,0,0,0,0,0
0,0,0,0,0,1,0
0,0,0,0,0,0,0
1,0,0,0,0,1,0
0,1,0,1,0,1,1
1,1,0,0,1,1,1
1,0,0,0,1,0,0
0,0,1,0,0,1,0
0,0,0,0,0,1,1
0,0,0,0,0,0,0
0,0,0,0,0,0,0
1,1,1,0,0,1,0
1,0,0,0,0,0,0
0,0,0,1,1,0,0
0,0,0,0,0,1,0
0,0,0,0,0,0,0
1,0,1,0,1,0,1
0,0,0,0,0,1,0
1,0,0,0,0,1,0
0,1,0,0,0,1,1
1,0,0,0,1,0,1
0,0,0,0,0,0,0
1,1,1,1,0,0,0
1,1,0,1,1,1,1
0,1,0,1,1,1,0
0,0,0,0,1,0,0
1,1,0,0,0,1,0
0,0,0,0,0,0,0
0,0,0,0,1,1,0
0,0,0,0,0,1,0
0,0,0,0,0,1,0
0,0,0,0,1,0,0
0,0,1,0,0,1,0
0,0,0,0,0,0,1
0,0,0,0,1,1,0
1,1,0,0,0,1,0
0,1,0,0,1,1,0
0,0,0,0,1,0,0
1,0,1,0,1,1,1
1,1,1,0,0,1,1
0,0,0,1,0,0,0
0,0,0,0,0,0,0
1,1,1,0,0,1,0
0,1,0,0,0,1,0
1,0,0,0,0,0,0
0,0,0,0,0,0,1
0,0,0,0,0,0,0
0,1,1,0,0,1,0
0,0,0,0,0,0,0
0,0,0,0,1,0,0
0,0,0,0,0,0,0
1,1,0,0,0,1,1
1,1,0,1,1,1,0
0,0,0,0,0,0,0
0,1,0,0,0,0,0
0,0,0,0,0,0,0
1,0,0,0,0,0,0
1,1,1,0,1,1,0
0,1,0,1,1,1,0
1,1,1,1,1,0,0
0,1,0,0,0,0,0
0,1,0,0,0,1,1
1,1,1,0,0,1,0
1,1,1,0,1,1,0
0,0,0,0,1,1,0
1,1,0,0,0,1,1
1,0,0,0,0,1,0
1,0,0,0,1,0,0
0,0,0,0,0,0,0
0,0,0,0,0,0,0
0,0,0,0,1,0,0
0,0,0,0,0,0,0
0,0,0,0,0,0,0
0,1,0,0,1,0,0
0,0,0,0,0,0,0
1,0,0,0,0,0,0
0,1,0,0,0,0,0
0,0,0,0,0,0,1
0,1,0,0,0,1,0
0,0,0,0,1,0,0
1,0,0,1,1,0,0
0,0,0,0,0,1,0
0,0,0,0,0,0,0
1,0,0,0,1,1,0
1,1,1,0,1,1,0
0,0,0,0,0,0,0
0,0,0,0,0,0,1
1,0,0,0,0,0,0
1,1,0,0,1,1,0
0,0,0,0,0,0,0
1,1,0,0,0,1,0
0,0,0,0,0,0,1
0,0,0,0,0,0,0
0,0,0,0,0,0,0
0,0,0,0,0,0,0
1,1,0,0,1,1,0
0,1,0,0,0,1,0
1,0,0,0,1,0,0
0,0,0,0,0,1,0
0,0,0,0,0,0,1
1,0,0,0,0,1,0
0,0,0,0,0,0,0
0,0,0,0,0,0,0
1,0,0,0,0,0,0
0,0,0,0,0,0,0
1,1,0,0,0,1,0
1,0,1,0,0,0,0
1,0,0,0,1,0,1
0,0,0,0,0,0,0
1,1,0,0,0,1,0
1,0,0,0,0,1,0
1,0,1,0,0,1,0
0,0,0,0,0,0,0
0,0,0,0,0,0,0
1,1,1,0,0,1,0
1,0,0,0,0,0,1
0,0,1,0,0,1,1
0,1,0,0,0,1,0
1,1,0,0,0,1,0
1,1,1,0,1,1,1
0,1,1,1,0,1,0
0,0,0,0,1,0,0
1,0,0,0,0,1,0
1,1,1,0,0,1,1
0,0,0,0,1,0,0
0,0,0,0,0,0,0
1,1,0,1,0,0,1
0,0,0,1,0,1,0
0,0,0,0,1,0,0
0,1,0,1,0,1,0
0,0,0,0,1,0,0
1,0,0,0,1,0,0
0,1,0,0,1,1,0
0,0,0,0,1,0,0
1,0,1,0,0,0,0
1,0,0,0,0,0,0
0,1,0,0,0,1,0
1,0,0,0,1,0,0
0,0,0,0,1,0,0
1,1,1,0,0,1,0
1,0,0,1,1,0,1
1,0,0,0,0,0,0
0,0,0,0,0,0,0
1,0,0,0,0,0,0
1,1,0,1,0,1,0
0,0,0,0,0,0,0
1,1,0,0,0,1,0
0,0,0,0,0,0,0
1,1,0,0,0,1,0
0,0,0,0,1,0,0
0,0,0,0,0,0,0
1,1,1,0,1,1,0
0,0,0,0,0,0,0
0,0,0,0,0,0,0
0,0,0,0,0,1,0
1,1,1,0,0,1,1
0,0,0,0,1,1,0
1,1,1,0,1,1,0
0,0,0,0,1,0,0
0,0,0,0,1,0,0
0,1,1,0,1,0,0
1,0,0,0,1,0,0
1,1,0,0,0,1,0
1,0,1,0,0,0,0
0,0,0,1,1,0,1
0,0,0,0,0,0,0
0,0,0,0,1,0,0
1,0,0,0,0,0,0
0,0,0,0,0,0,0
0,1,0,0,0,0,1
0,0,0,0,0,1,0
0,0,0,0,1,0,0
0,0,0,0,0,0,0
1,1,1,0,1,1,0
1,0,0,0,1,0,0
0,0,0,0,0,0,1
1,0,0,0,0,0,0
0,0,0,0,0,0,0
1,0,0,0,1,0,0
0,0,1,0,0,1,0
1,1,1,0,1,1,0
0,0,0,0,0,0,0
0,0,0,0,1,1,0
0,1,0,0,1,0,0
1,0,0,0,0,0,0
0,0,0,0,0,0,0
0,0,1,0,1,0,0
0,0,0,0,0,0,0
1,0,1,0,0,0,0
0,0,0,0,0,0,0
1,1,1,0,0,1,0
0,0,0,0,0,0,0
1,0,0,1,1,0,1
1,1,1,1,1,1,0
0,0,0,0,1,0,0
1,0,0,0,1,0,0
1,0,1,0,0,0,0
0,0,0,0,0,0,0
0,0,0,0,0,1,1
0,1,0,0,0,0,0
0,0,0,0,0,0,0
1,1,0,0,0,1,1
1,1,0,0,0,1,0
0,0,0,0,0,0,0
1,1,1,0,0,1,0
0,0,0,0,0,0,1
1,0,1,0,0,1,0
1,1,0,0,0,1,0
1,1,1,0,0,1,0
1,0,0,0,0,0,1
0,0,0,0,0,0,0
0,0,0,0,1,0,0
0,0,0,0,0,0,0
0,0,0,0,1,0,0
1,1,0,1,0,0,0
0,0,0,0,0,0,0
1,1,1,0,1,1,1
1,1,0,0,1,1,0
1,0,0,0,1,0,0
0,0,0,0,0,0,1
0,1,0,0,0,1,0
0,0,0,0,0,0,0
0,1,1,0,0,1,0
1,0,1,0,0,1,1
0,0,0,0,0,0,0
1,1,1,1,1,1,0
0,0,0,0,1,0,0
0,1,1,0,1,1,0
0,0,0,0,0,0,0
0,0,0,1,1,0,0
0,0,0,0,0,0,0
0,0,0,0,0,0,0
1,0,0,0,1,1,0
0,0,0,0,0,0,0
0,0,0,0,0,0,0
0,0,0,0,1,0,0
0,0,0,0,0,1,0
0,0,0,0,0,0,0
0,0,0,0,0,0,0
1,0,0,0,1,0,0
1,0,0,0,1,1,0
1,0,1,0,1,1,0
0,0,0,0,0,0,1
0,0,0,0,0,0,0
0,1,0,0,0,0,0
0,0,1,1,0,1,0
0,0,0,0,1,1,1
0,0,0,1,0,0,1
0,1,0,0,0,1,0
1,1,0,0,0,1,1
0,1,0,1,0,0,0
1,0,0,0,0,0,0
0,0,0,0,1,0,0
0,1,0,0,1,0,0
0,0,1,0,0,1,0
1,0,0,0,0,1,0
0,0,0,0,1,0,0
0,1,0,0,1,1,0
1,1,0,0,0,1,0
0,0,0,0,1,1,0
1,1,1,0,1,1,0
1,1,1,0,0,1,0
1,1,1,0,1,1,0
1,0,0,0,0,0,0
1,0,0,0,0,1,0
0,0,1,0,0,1,0
0,0,0,1,1,0,0
0,1,1,0,1,1,0
0,1,0,0,0,1,1
1,0,0,0,1,0,0
0,0,0,0,1,0,0
0,1,0,1,0,1,0
0,1,0,1,1,1,1
0,0,0,0,1,0,0
0,1,0,0,0,0,0
1,1,0,0,0,1,0
0,0,0,0,1,0,0
1,1,1,0,0,1,0
0,0,0,0,0,0,0
1,1,1,1,0,1,0
1,0,0,0,1,1,0
0,0,0,0,0,0,0
0,0,0,0,1,0,0
0,1,0,0,0,1,0
1,0,0,0,0,1,1
1,0,0,0,0,0,0
0,0,0,0,1,0,0
0,0,0,0,1,0,0
0,0,0,0,0,0,1
0,1,0,1,0,1,0
1,0,0,0,1,1,0
1,0,0,0,0,0,1
0,1,0,0,0,1,0
1,1,1,0,0,0,0
0,1,0,0,0,1,0
1,0,0,0,0,1,0
0,1,0,0,0,0,0
0,0,0,0,0,0,0
0,0,0,1,1,0,0
1,1,1,1,1,1,1
0,0,0,0,0,0,0
1,0,0,0,0,0,1
1,0,0,0,1,0,0
1,0,0,0,0,0,0
1,1,0,0,0,1,1
1,0,0,0,0,1,0
0,0,0,0,0,0,0
1,0,0,1,1,0,0
0,0,0,0,0,0,0
0,0,0,0,1,1,1
1,1,0,0,1,1,0
1,1,0,0,0,0,0
0,0,0,1,1,0,1
0,0,0,0,1,1,0
0,1,0,1,1,0,0
1,1,0,0,0,1,0
0,0,0,0,1,0,0
1,1,1,0,1,1,1
0,0,0,0,1,0,1
0,0,0,0,0,0,0
0,0,0,0,0,0,0
1,1,0,0,0,1,0
0,0,0,0,0,0,0
0,0,0,0,0,0,0
0,0,0,0,0,1,0
1,0,0,0,0,0,0
0,0,0,0,0,1,0
0,0,0,0,0,1,0
0,0,0,0,0,1,0
0,0,0,0,0,0,0
1,0,0,0,0,0,0
0,0,0,0,1,0,0
1,1,1,0,1,1,0
0,0,0,0,1,1,0
1,1,0,0,0,1,0
1,1,1,0,0,0,1
1,1,0,0,0,1,0
0,0,0,0,1,0,0
1,0,0,1,0,1,0
1,1,0,0,0,1,0
1,0,1,0,0,1,0
1,0,1,0,0,1,0
1,0,0,0,0,0,0
0,1,1,0,1,1,1
0,0,0,0,1,1,0
0,1,0,0,0,1,0
0,1,0,0,1,0,0
1,0,0,1,1,0,1
0,0,0,0,0,0,0
1,0,0,0,1,1,0
0,0,0,0,0,0,0
1,1,0,0,0,1,0
1,1,0,0,1,0,0
1,0,0,0,0,1,0
1,1,0,1,0,0,0
1,1,1,0,0,1,0
1,0,0,0,0,0,0
0,0,1,0,0,0,0
1,0,0,0,0,0,1
0,0,0,0,0,0,0
1,1,0,0,0,1,1
0,0,0,0,0,0,0
0,0,1,0,0,1,0
0,0,0,0,1,0,0
0,0,0,0,0,1,0
0,0,0,0,0,0,0
0,0,0,0,0,0,0
1,0,0,0,0,0,0
0,0,0,0,1,0,0
1,0,0,0,0,0,0
1,1,1,0,0,0,0
0,1,0,0,0,0,0
0,0,1,0,0,1,1
0,0,0,0,1,0,0
0,0,0,0,0,0,1
1,0,0,0,0,0,1
1,1,0,0,0,1,0
0,0,1,0,0,1,0
0,1,0,0,0,0,0
0,0,0,0,0,0,0
0,0,0,0,0,1,0
0,1,0,0,0,1,1
1,1,1,0,1,1,0
1,0,0,0,1,0,0
