yearID,teamID,Rank,R,RA,G,W,H,BB,HBP,AB,SF,HR,2B,3B,salary,BA,OBP,SLG
2000,CHA,1,978,839,162,95,1615,591,53,5646,61,216,325,33,31133500,0.286043216,0.355692017,0.470067304
2000,CLE,2,950,816,162,90,1639,685,51,5683,52,221,310,30,75880771,0.288404012,0.367022099,0.470174204
2000,DET,3,823,827,162,79,1553,562,43,5644,49,177,307,41,58265167,0.275159461,0.34264846,0.438164422
2000,KCA,4,879,930,162,77,1644,511,48,5709,70,150,281,27,23433000,0.287966369,0.347585989,0.425468558
2000,MIN,5,748,880,162,69,1516,556,35,5615,51,116,325,49,16519500,0.269991095,0.336742848,0.40730187
2000,NYA,1,871,814,161,87,1541,631,57,5556,50,205,294,25,92338260,0.277357811,0.354146806,0.449964003
2000,BOS,2,792,745,162,85,1503,611,42,5630,48,167,316,32,77940333,0.2669627,0.340546517,0.423445826
2000,TOR,3,861,908,162,83,1562,526,60,5677,34,244,328,21,44838332,0.275145323,0.341114817,0.469261934
2000,BAL,4,794,913,162,74,1508,558,49,5549,54,184,310,22,81447435,0.271760678,0.34057971,0.435033339
2000,TBA,5,733,842,161,69,1414,559,48,5505,40,162,253,22,62765129,0.256857402,0.328511053,0.399091735
2000,OAK,1,947,813,161,91,1501,750,52,5560,44,239,281,23,31971333,0.269964029,0.359506712,0.457733813
2000,SEA,2,907,780,162,91,1481,775,48,5497,61,198,300,26,58915000,0.269419683,0.361071932,0.441513553
2000,ANA,3,864,869,162,82,1574,608,47,5628,43,236,309,34,51464167,0.279673063,0.352355359,0.472459133
2000,TEX,4,848,974,162,71,1601,580,39,5648,48,173,330,35,70795921,0.283463173,0.351543943,0.446175637
2000,SLN,1,887,771,162,95,1481,675,84,5478,53,235,259,25,61453863,0.270354144,0.356120827,0.455458196
2000,CIN,2,825,765,163,85,1545,559,64,5635,58,200,302,36,46867200,0.274179237,0.343255225,0.447027507
2000,MIL,3,740,826,163,73,1366,620,61,5563,49,177,297,25,36505333,0.245550962,0.325282059,0.403379472
2000,HOU,4,938,944,162,72,1547,673,83,5570,61,249,289,36,51289111,0.277737882,0.36057617,0.476660682
2000,PIT,5,793,888,162,69,1506,564,66,5643,37,168,320,31,28928334,0.26687932,0.338510301,0.423888003
2000,CHN,6,764,904,162,65,1426,632,54,5577,45,183,272,23,60539333,0.255693025,0.334812936,0.41115295
2000,ATL,1,810,714,162,95,1490,595,59,5489,45,179,274,26,84537836,0.271451995,0.346477052,0.428675533
2000,NYN,2,807,738,162,94,1445,675,45,5486,51,198,282,20,79509776,0.26339774,0.346012466,0.43036821
2000,FLO,3,731,797,161,79,1441,540,60,5509,51,160,274,29,19872000,0.261571973,0.331331169,0.408967145
2000,MON,4,738,902,162,67,1475,476,29,5535,34,178,310,35,32994333,0.266485998,0.325979585,0.431616983
2000,PHI,5,708,830,162,65,1386,611,44,5511,37,144,304,40,47308000,0.251497006,0.329034338,0.399564507
2000,SFN,1,925,747,162,97,1535,709,51,5519,66,226,304,44,53737826,0.278130096,0.361702128,0.472005798
2000,LAN,2,798,729,162,86,1408,668,51,5481,46,211,265,28,87924286,0.256887429,0.340537944,0.430943259
2000,ARI,3,792,754,162,85,1466,535,59,5527,58,179,282,44,81027833,0.265243351,0.333387279,0.429346843
2000,COL,4,968,897,162,82,1664,601,42,5660,75,161,320,53,61111190,0.293992933,0.361712135,0.45459364
2000,SDN,5,752,815,162,76,1413,602,46,5560,43,157,279,37,54821000,0.254136691,0.329707247,0.402338129
2001,CLE,1,897,821,162,91,1559,577,69,5600,62,212,294,37,93152001,0.278392857,0.349556119,0.457678571
2001,MIN,2,771,766,162,85,1514,495,64,5560,38,164,328,38,24130000,0.272302158,0.336689946,0.433453237
2001,CHA,3,798,795,162,83,1463,520,52,5464,51,214,300,29,65653667,0.267752562,0.334319041,0.450768668
2001,DET,4,724,876,162,66,1439,466,51,5537,49,139,291,60,53416167,0.259888026,0.320498116,0.409427488
2001,KCA,5,729,858,162,65,1503,406,44,5643,47,152,277,37,35422500,0.266347687,0.318078176,0.409356725
2001,NYA,1,804,713,161,95,1488,519,64,5577,43,203,289,20,112287143,0.266810113,0.333870708,0.435000897
2001,BOS,2,772,745,161,82,1493,520,70,5605,41,198,316,29,110035833,0.266369313,0.334028223,0.439072257
2001,TOR,3,767,753,162,80,1489,470,74,5663,43,195,287,36,76895999,0.26293484,0.32528,0.429630938
2001,BAL,4,687,829,162,63,1359,514,77,5472,49,136,262,24,67599540,0.248355263,0.319044503,0.379568713
2001,TBA,5,672,887,162,62,1426,456,54,5524,25,121,311,21,56980000,0.258146271,0.319524674,0.387762491
2001,SEA,1,927,627,162,116,1637,614,62,5680,70,169,310,38,74720834,0.288204225,0.359943978,0.445422535
2001,OAK,2,884,645,162,102,1469,640,88,5573,59,199,334,22,33810750,0.26359232,0.345440252,0.438542975
2001,ANA,3,691,730,162,75,1447,494,77,5551,53,158,275,26,47535167,0.260673752,0.326801619,0.404972077
2001,TEX,4,890,968,162,73,1566,548,75,5685,55,246,326,23,88633500,0.275461741,0.344020116,0.470712401
2001,HOU,1,847,769,162,93,1500,581,89,5528,56,208,313,29,60612667,0.271345876,0.346977934,0.45133864
2001,SLN,2,814,684,162,93,1469,529,65,5450,50,199,274,32,78538333,0.269541284,0.338529701,0.441100917
2001,CHN,3,777,701,162,88,1409,577,66,5406,53,194,268,32,64715833,0.26063633,0.336283186,0.429707732
2001,MIL,4,740,806,162,68,1378,488,72,5488,35,209,273,30,43886833,0.251093294,0.3185928,0.426020408
2001,CIN,5,735,850,162,66,1464,468,65,5583,40,176,304,22,48986000,0.26222461,0.32439896,0.4191295
2001,PIT,6,657,858,162,62,1333,467,67,5398,35,161,256,25,57760833,0.246943312,0.312887548,0.393108559
2001,ATL,1,729,643,162,88,1432,493,45,5498,52,174,263,24,91936166,0.260458348,0.323587385,0.411967988
2001,PHI,2,746,719,162,86,1431,551,43,5497,61,164,295,29,41663833,0.260323813,0.329161248,0.414044024
2001,NYN,3,642,713,162,82,1361,545,65,5459,35,147,273,18,93174428,0.249313061,0.322903014,0.386700861
2001,FLO,4,742,744,162,76,1461,470,67,5542,45,166,325,30,35762500,0.263623241,0.326257348,0.422952003
2001,MON,5,670,812,162,68,1361,478,60,5379,45,131,320,28,35159500,0.253021008,0.318517276,0.395984384
2001,ARI,1,818,677,162,92,1494,587,57,5595,36,208,284,35,85082999,0.267024129,0.340717131,0.441823056
2001,SFN,2,799,748,162,90,1493,625,50,5612,54,235,304,40,63280167,0.266037063,0.341901908,0.460085531
2001,LAN,3,758,744,162,86,1399,519,56,5493,44,206,264,27,109105953,0.254687784,0.322971204,0.425086474
2001,SDN,4,789,812,162,79,1379,678,41,5482,48,161,273,26,39182833,0.251550529,0.335733717,0.398941992
2001,COL,5,923,906,162,73,1663,511,61,5690,50,213,324,61,71541334,0.292267135,0.354087452,0.482952548
2002,MIN,1,768,712,161,94,1518,472,56,5582,52,167,348,36,40425000,0.271945539,0.332035054,0.436940165
2002,CHA,2,856,798,162,81,1475,555,49,5502,53,217,289,29,57052833,0.268084333,0.337554798,0.449472919
2002,CLE,3,739,837,162,74,1349,542,56,5423,39,192,255,26,78909449,0.248755301,0.321287129,0.411580306
2002,KCA,4,737,891,162,62,1415,524,52,5535,51,140,285,42,47257000,0.25564589,0.32310938,0.398193315
2002,DET,5,575,864,161,55,1340,363,64,5406,57,124,265,37,55048000,0.247872734,0.3,0.379393267
2002,NYA,1,897,697,161,103,1540,640,72,5601,41,223,314,12,125928583,0.274950902,0.354422411,0.454740225
2002,BOS,2,859,665,162,93,1560,545,72,5640,53,177,348,33,108366060,0.276595745,0.345007924,0.444148936
2002,TOR,3,813,828,162,78,1457,522,53,5581,57,187,305,38,76864333,0.261064325,0.327056173,0.429851281
2002,BAL,4,667,773,162,67,1353,452,64,5491,49,165,311,27,60493487,0.246403205,0.308619551,0.403023129
2002,TBA,5,673,918,161,55,1418,456,58,5604,36,133,297,35,34380000,0.253033547,0.313942151,0.389721627
2002,OAK,1,800,654,162,103,1450,609,68,5558,36,205,279,28,40004167,0.260885211,0.339180354,0.431810004
2002,ANA,2,851,644,162,99,1603,462,74,5678,64,152,333,32,61721667,0.282317718,0.340713603,0.432546671
2002,SEA,3,814,699,162,93,1531,629,51,5569,72,152,285,31,80282668,0.274914706,0.349786426,0.419105764
2002,TEX,4,843,882,162,72,1510,554,62,5618,50,230,304,27,105526122,0.268778925,0.338319542,0.455322179
2002,SLN,1,787,648,162,97,1475,542,67,5505,49,175,285,26,74660875,0.267938238,0.338147006,0.424523161
2002,HOU,2,749,695,162,84,1441,589,59,5503,37,167,291,32,63448417,0.261857169,0.337588882,0.417408686
2002,CIN,3,709,774,162,78,1386,583,66,5470,40,169,297,21,45050390,0.253382084,0.330410781,0.408043876
2002,PIT,4,641,730,161,72,1300,537,73,5330,41,142,263,20,42323599,0.243902439,0.319344591,0.380675422
2002,CHN,5,706,759,162,67,1351,585,44,5496,39,200,259,29,75690833,0.245815138,0.321219987,0.412663755
2002,MIL,6,627,821,162,56,1369,500,55,5415,34,139,269,29,50287833,0.252816251,0.320453031,0.390212373
2002,ATL,1,708,565,161,101,1428,558,54,5495,49,164,280,25,92870367,0.259872611,0.331384016,0.409463148
2002,MON,2,735,718,162,83,1432,575,46,5479,42,162,300,36,38670500,0.261361562,0.334255943,0.417959482
2002,PHI,3,710,724,161,80,1428,640,53,5523,39,165,325,41,57954999,0.258555133,0.339088729,0.421872171
2002,FLO,4,699,763,162,79,1433,595,61,5496,49,146,280,32,41979917,0.26073508,0.336881148,0.403020378
2002,NYN,5,690,703,161,75,1409,486,63,5496,30,160,238,22,94633593,0.256368268,0.322304527,0.395014556
2002,ARI,1,819,674,162,98,1471,643,50,5508,53,165,283,41,102819999,0.267066086,0.346018548,0.423202614
2002,SFN,2,783,616,162,95,1465,616,65,5497,52,198,300,35,78299835,0.266509005,0.344462279,0.441877388
2002,LAN,3,713,643,162,92,1464,428,53,5554,44,155,286,29,94850953,0.263593806,0.31995394,0.409254591
2002,COL,4,778,898,162,73,1508,497,56,5512,50,152,283,41,56851043,0.273584906,0.337040065,0.422532656
2002,SDN,5,662,815,162,66,1393,547,30,5515,41,136,243,29,41425000,0.252583862,0.321213109,0.381142339
2003,MIN,1,801,758,162,90,1567,512,63,5655,52,155,318,45,55505000,0.277099912,0.340974212,0.431476569
2003,CHA,2,791,715,162,86,1445,519,58,5487,41,220,303,19,51010000,0.263349736,0.331203931,0.445780937
2003,KCA,3,836,867,162,83,1526,476,75,5568,57,162,288,39,40518000,0.274066092,0.336301813,0.427083333
2003,CLE,4,699,778,162,68,1413,466,62,5572,41,158,296,26,48584834,0.253589375,0.316072301,0.401112706
2003,DET,5,591,928,162,43,1312,443,47,5466,49,153,201,39,49168000,0.240029272,0.300083264,0.375045737
2003,NYA,1,877,716,163,101,1518,684,81,5605,35,230,304,14,152749814,0.270829616,0.356440281,0.453166815
2003,BOS,2,961,809,162,95,1667,620,53,5769,64,238,371,40,99946500,0.288958225,0.359667999,0.490899636
2003,TOR,3,894,826,162,86,1580,546,90,5661,56,190,357,33,51269000,0.279102632,0.348811585,0.454513337
2003,BAL,4,743,820,163,71,1516,431,54,5665,40,152,277,24,73877500,0.26760812,0.323263328,0.405472198
2003,TBA,5,715,852,162,63,1501,420,56,5654,50,137,298,38,19630000,0.265475769,0.319902913,0.404315529
2003,OAK,1,768,643,162,96,1398,556,59,5497,53,176,317,24,50260834,0.254320538,0.326520681,0.416772785
2003,SEA,2,795,637,162,93,1509,586,53,5561,46,139,290,33,86959167,0.271354073,0.343900096,0.410357849
2003,ANA,3,736,743,162,77,1473,476,56,5487,50,150,276,33,79031667,0.268452706,0.330367441,0.412793876
2003,TEX,4,826,969,162,71,1506,488,75,5664,42,239,274,36,103491667,0.265889831,0.330036688,0.453566384
2003,CHN,1,724,683,162,88,1431,492,50,5519,46,172,302,24,79868333,0.259286103,0.323071885,0.416198587
2003,HOU,2,805,677,162,87,1466,557,81,5583,38,191,308,30,71040000,0.262582841,0.336155935,0.431130217
2003,SLN,3,876,796,162,85,1580,580,73,5672,54,196,342,32,83786666,0.278561354,0.350054868,0.453808181
2003,PIT,4,753,801,162,75,1492,529,87,5581,38,163,275,45,54812429,0.267335603,0.338091419,0.420354775
2003,CIN,5,694,886,162,69,1349,524,79,5509,32,182,239,21,59355667,0.244872028,0.317708333,0.394990016
2003,MIL,6,714,873,162,68,1423,547,71,5548,40,196,266,24,40627000,0.256488825,0.328875282,0.419069935
2003,ATL,1,907,740,162,101,1608,545,49,5670,49,235,321,31,106243667,0.283597884,0.348804055,0.475485009
2003,FLO,2,751,692,162,91,1459,515,57,5490,41,157,292,44,49450000,0.26575592,0.332787154,0.420765027
2003,PHI,3,791,697,162,86,1448,651,55,5543,38,166,325,27,70780000,0.261230381,0.342611739,0.419447952
2003,MON,4,711,716,162,83,1404,522,45,5437,40,144,294,25,51948500,0.258230642,0.326108537,0.40095641
2003,NYN,5,642,754,161,66,1317,489,54,5341,45,124,262,24,116876429,0.246583037,0.313712262,0.37427448
2003,SFN,1,755,638,161,100,1440,593,40,5456,39,180,281,29,82852167,0.263929619,0.33828329,0.425036657
2003,LAN,2,574,556,162,85,1328,407,72,5458,28,124,260,25,105572620,0.243312569,0.30293378,0.368266764
2003,ARI,3,717,685,162,84,1467,531,45,5570,52,152,303,47,80657000,0.263375224,0.329622459,0.416517056
2003,COL,4,853,892,162,74,1472,619,52,5518,38,198,330,31,67179667,0.26676332,0.344146459,0.44545125
2003,SDN,5,678,831,162,64,1442,565,57,5531,42,128,257,32,45210000,0.260712349,0.333171913,0.388175737
2004,MIN,1,780,715,162,92,1494,513,64,5623,40,191,310,24,53585000,0.265694469,0.331891026,0.43126445
2004,CHA,2,865,831,162,83,1481,499,63,5534,42,242,284,19,65212500,0.267618359,0.332844575,0.456993133
2004,CLE,3,858,857,162,80,1565,606,78,5676,42,184,345,29,34319300,0.27572234,0.35129647,0.44397463
2004,DET,4,827,844,162,72,1531,518,50,5623,43,201,284,54,46832000,0.272274587,0.336701957,0.449226392
2004,KCA,5,720,905,162,58,1432,461,76,5538,38,150,261,29,47609000,0.258577104,0.322100442,0.397435897
2004,NYA,1,897,808,162,101,1483,670,80,5527,50,242,281,20,184193950,0.26831916,0.352931879,0.45775285
2004,BOS,2,949,768,162,98,1613,659,69,5720,55,222,373,25,127298500,0.281993007,0.359987698,0.472377622
2004,BAL,3,842,830,162,78,1614,528,57,5736,62,169,319,18,51623333,0.281380753,0.344508852,0.431659693
2004,TBA,4,714,842,161,70,1416,469,55,5483,56,145,278,46,29556667,0.258252781,0.31997361,0.405070217
2004,TOR,5,719,823,161,67,1438,513,71,5531,42,145,290,34,50017000,0.259989152,0.328406692,0.403362864
2004,ANA,1,836,734,162,92,1603,450,73,5675,41,162,272,37,100534667,0.28246696,0.340759737,0.42907489
2004,OAK,2,793,742,162,91,1545,608,55,5728,43,189,336,15,59425667,0.269727654,0.343176873,0.432611732
2004,TEX,3,860,794,162,89,1492,500,61,5615,57,227,323,34,55050417,0.26571683,0.329375902,0.456634016
2004,SEA,4,698,823,162,63,1544,492,54,5722,48,136,276,20,81515834,0.269835722,0.330905636,0.396364907
2004,SLN,1,855,659,162,105,1544,548,51,5555,70,214,319,24,83228333,0.277947795,0.344312339,0.459585959
2004,HOU,2,803,698,162,92,1458,590,61,5468,52,187,294,36,75397000,0.266642282,0.341759844,0.436174104
2004,CHN,3,789,665,162,89,1508,489,38,5628,48,235,308,29,90560000,0.267945984,0.328067064,0.458244492
2004,CIN,4,750,907,162,76,1380,599,81,5518,25,194,287,28,46615250,0.250090613,0.33103005,0.417723813
2004,PIT,5,680,744,161,72,1428,415,95,5483,42,142,267,39,32227929,0.260441364,0.321126761,0.401057815
2004,MIL,6,634,757,161,67,1358,540,68,5483,40,135,295,32,27528500,0.247674631,0.320665471,0.387014408
2004,ATL,1,803,668,162,96,1503,587,59,5570,48,178,304,37,90182500,0.26983842,0.34307152,0.433572711
2004,PHI,2,840,781,162,86,1505,645,58,5643,46,215,303,23,92919167,0.266702109,0.34543179,0.442849548
2004,FLO,3,718,700,162,83,1447,499,58,5486,40,148,275,32,42143042,0.263762304,0.329442709,0.406489245
2004,NYN,4,684,731,162,71,1376,512,61,5532,34,185,289,20,96660970,0.248734635,0.317478417,0.408532176
2004,MON,5,635,769,162,67,1361,496,35,5474,33,151,276,27,40897500,0.248629887,0.313348791,0.391669711
2004,LAN,1,761,684,162,93,1450,536,62,5542,35,203,226,30,92902001,0.261638398,0.331659919,0.423132443
2004,SFN,2,850,770,162,91,1500,705,72,5546,51,183,314,33,82019166,0.2704652,0.357232507,0.437973314
2004,SDN,3,768,705,162,87,1521,566,56,5573,66,139,304,32,55384833,0.272923022,0.342277591,0.413780729
2004,COL,4,833,923,162,68,1531,568,54,5577,37,202,331,34,65445167,0.274520351,0.345253368,0.454724762
2004,ARI,5,615,899,162,51,1401,441,35,5544,37,135,295,38,69780750,0.252705628,0.309889384,0.392676768
2005,CHA,1,741,645,162,99,1450,435,79,5529,49,200,253,23,75178000,0.262253572,0.32239002,0.424850787
2005,CLE,2,790,642,162,93,1522,503,54,5609,50,207,337,30,41502500,0.271349617,0.334459459,0.452843644
2005,MIN,3,688,662,162,83,1441,485,59,5564,42,134,269,32,56186000,0.258986341,0.322764228,0.39108555
2005,DET,4,723,787,162,71,1521,384,53,5602,52,168,283,45,69092000,0.271510175,0.321457889,0.428061407
2005,KCA,5,701,935,162,56,1445,424,63,5503,50,126,289,34,36881000,0.262584045,0.31986755,0.396147556
2005,NYA,1,886,789,162,95,1552,637,73,5624,43,229,259,16,208306817,0.275960171,0.354712247,0.449857752
2005,BOS,2,910,805,162,95,1579,653,47,5626,63,199,339,21,123505125,0.280661216,0.35670684,0.454496978
2005,TOR,3,775,705,162,80,1480,486,89,5581,56,136,307,39,45719500,0.265185451,0.330811333,0.407274682
2005,BAL,4,729,800,162,74,1492,447,54,5551,42,189,296,27,73914333,0.2687804,0.327042993,0.43397586
2005,TBA,5,750,936,162,67,1519,412,69,5552,51,157,289,40,29679067,0.273595101,0.328731098,0.424891931
2005,LAA,1,761,643,162,95,1520,447,29,5624,39,147,278,30,94867822,0.27027027,0.325134387,0.408783784
2005,OAK,2,772,658,162,88,1476,537,52,5627,40,155,310,20,55425762,0.262306735,0.33008312,0.407144127
2005,TEX,3,865,858,162,79,1528,495,48,5716,32,260,311,29,55849000,0.267319804,0.329200445,0.4683345
2005,SEA,4,699,751,162,69,1408,466,48,5507,37,130,289,34,87754334,0.255674596,0.317266425,0.391320138
2005,SLN,1,805,634,162,100,1494,534,62,5538,35,170,287,26,92106833,0.269772481,0.338790728,0.423076923
2005,HOU,2,693,609,163,89,1400,481,72,5462,42,161,281,32,76779000,0.256316368,0.32243685,0.407909191
2005,MIL,3,726,697,162,81,1413,531,73,5448,38,175,327,19,39934833,0.259361233,0.331198686,0.422723935
2005,CHN,4,703,714,162,79,1506,419,50,5584,37,194,323,23,87032933,0.26969914,0.324302135,0.440007163
2005,CIN,5,820,889,163,73,1453,611,62,5565,39,222,335,15,61892583,0.261096137,0.33869683,0.446361186
2005,PIT,6,680,769,162,67,1445,471,72,5573,49,139,292,38,38133000,0.259285842,0.322465531,0.400143549
2005,ATL,1,769,674,162,90,1453,534,45,5486,46,184,308,37,86457302,0.264855997,0.332515137,0.435107546
2005,PHI,2,807,726,162,88,1494,639,56,5542,46,167,282,35,95522000,0.26957777,0.348400446,0.423493324
2005,FLO,3,717,732,162,83,1499,512,67,5502,50,128,306,32,60408834,0.272446383,0.33893329,0.409487459
2005,NYN,3,722,648,162,83,1421,486,48,5505,38,175,279,32,101305821,0.258128974,0.321704789,0.415803815
2005,WAS,5,639,673,162,81,1367,491,89,5426,45,117,311,32,48581500,0.251935127,0.321764998,0.385735348
2005,SDN,1,684,726,162,82,1416,600,49,5502,48,130,269,39,63290833,0.25736096,0.333118245,0.39131225
2005,ARI,2,696,856,162,77,1419,606,55,5550,45,191,291,27,62329166,0.255675676,0.332480818,0.421081081
2005,SFN,3,649,745,162,75,1427,431,49,5462,44,128,299,26,90199500,0.261259612,0.318576679,0.395825705
2005,LAN,4,685,755,162,71,1374,541,67,5433,33,149,284,21,83039000,0.252898951,0.326308857,0.395177618
2005,COL,5,740,862,162,67,1477,509,64,5542,34,150,280,34,47839000,0.266510285,0.333387543,0.410501624
2006,MIN,1,801,683,162,96,1608,490,50,5602,55,143,275,34,63396006,0.287040343,0.346619332,0.424848268
2006,DET,2,822,675,162,95,1548,430,45,5642,36,203,294,40,82612866,0.274370791,0.328782708,0.448599787
2006,CHA,3,868,794,162,90,1586,502,58,5657,57,236,291,20,102750667,0.280360615,0.342046541,0.464026869
2006,CLE,4,870,782,162,78,1576,556,54,5619,43,196,351,27,56031500,0.280476953,0.348533163,0.45719879
2006,KCA,5,757,971,162,62,1515,474,64,5589,48,124,335,37,47294000,0.27106817,0.332469636,0.410806942
2006,NYA,1,930,767,162,97,1608,649,72,5651,49,210,327,21,194663079,0.284551407,0.362716088,0.461334277
2006,TOR,2,809,754,162,87,1591,514,63,5596,52,199,348,27,71365000,0.284310222,0.348273092,0.462830593
2006,BOS,3,820,825,162,86,1510,672,66,5619,56,192,327,16,120099824,0.268731091,0.35053797,0.435130806
2006,BAL,4,768,899,162,70,1556,474,73,5610,41,164,288,20,72585582,0.277361854,0.339303001,0.423529412
2006,TBA,5,689,856,162,61,1395,441,47,5474,43,190,267,33,34917967,0.254841067,0.313572023,0.419802704
2006,OAK,1,771,727,162,93,1429,650,50,5500,56,175,266,22,62243079,0.259818182,0.340313299,0.411636364
2006,LAA,2,766,732,162,89,1539,486,42,5609,53,159,309,29,103472000,0.27438046,0.333925687,0.424852915
2006,TEX,3,835,784,162,80,1571,505,40,5659,50,183,357,23,68228662,0.277610885,0.33834346,0.445838487
2006,SEA,4,756,792,162,78,1540,404,63,5670,38,172,266,42,87959833,0.271604938,0.325020243,0.424338624
2006,SLN,1,781,762,161,83,1484,531,61,5522,40,184,292,27,88891371,0.268743209,0.337341566,0.431365447
2006,HOU,2,735,719,162,82,1407,585,73,5521,46,174,275,27,88694435,0.254845137,0.331726908,0.40898388
2006,CIN,3,749,801,162,80,1419,614,59,5515,38,217,291,12,60909519,0.257298277,0.336010279,0.432456936
2006,MIL,4,730,833,162,75,1400,502,82,5433,53,180,301,20,57568333,0.257684521,0.326853377,0.419841708
2006,PIT,5,691,797,162,67,1462,459,89,5558,49,141,286,17,46717750,0.263044261,0.326563769,0.396725441
2006,CHN,6,716,834,162,66,1496,395,43,5587,37,166,271,46,94424499,0.267764453,0.319036622,0.421872203
2006,NYN,1,834,731,162,97,1469,547,62,5558,47,200,323,41,101084963,0.264303706,0.33440618,0.445124145
2006,PHI,2,865,812,162,85,1518,626,95,5687,44,216,294,41,88273333,0.266924565,0.347024179,0.44698435
2006,ATL,3,849,805,162,79,1510,526,52,5583,44,222,312,26,90156876,0.270463908,0.33650282,0.454952534
2006,FLO,4,758,772,162,78,1454,497,74,5502,42,182,309,42,14671500,0.264267539,0.331152903,0.434932752
2006,WAS,5,746,872,162,71,1437,594,69,5495,49,164,322,22,63143000,0.261510464,0.338327695,0.417652411
2006,SDN,1,731,679,162,88,1465,564,40,5576,47,161,298,38,69896141,0.262733142,0.332262727,0.416427547
2006,LAN,2,820,751,162,88,1552,601,51,5628,48,153,307,58,98447187,0.275764037,0.3482933,0.432480455
2006,SFN,3,746,790,161,76,1418,494,53,5472,37,163,297,52,90056419,0.259137427,0.324471598,0.421783626
2006,ARI,4,773,788,162,76,1506,504,67,5645,53,160,331,38,59684226,0.266784765,0.331312809,0.423914969
2006,COL,4,813,812,162,76,1504,561,60,5562,45,157,325,54,41233000,0.270406329,0.341201028,0.432937792
2007,CLE,1,811,704,162,96,1504,590,80,5604,59,178,305,27,61673267,0.268379729,0.343281225,0.427730193
2007,DET,2,887,797,162,88,1652,474,56,5757,45,177,352,50,94800369,0.286955011,0.344598863,0.457703665
2007,MIN,3,718,725,162,79,1460,512,48,5522,45,118,273,36,71439500,0.264396958,0.329688265,0.390981528
2007,CHA,4,693,839,162,72,1341,532,52,5441,35,190,249,20,108671833,0.246462047,0.317656766,0.404337438
2007,KCA,5,706,778,162,69,1447,428,89,5534,47,102,300,46,67116500,0.261474521,0.322072811,0.387603903
2007,BOS,1,867,657,162,96,1561,689,64,5589,54,166,352,35,143026214,0.279298622,0.361788618,0.443907676
2007,NYA,2,968,777,162,94,1656,637,78,5717,54,201,326,32,189259045,0.28966241,0.365556583,0.463354906
2007,TOR,3,753,699,162,83,1434,533,47,5536,48,165,344,24,81942800,0.259031792,0.326735886,0.41925578
2007,BAL,4,756,868,162,69,1529,500,47,5631,47,142,306,30,93174808,0.271532587,0.333493976,0.412182561
2007,TBA,5,782,944,162,66,1500,545,53,5593,52,187,291,36,24123500,0.268192383,0.336056383,0.433398891
2007,LAA,1,822,731,162,94,1578,507,40,5554,65,123,324,23,109251333,0.284119553,0.344631852,0.41717681
2007,SEA,2,794,813,162,88,1629,389,62,5684,40,153,284,22,106460833,0.286593948,0.336842105,0.42505278
2007,OAK,3,741,758,162,76,1430,664,49,5577,56,171,295,16,79366940,0.256410256,0.337693035,0.407028869
2007,TEX,4,816,844,162,75,1460,503,56,5555,42,179,298,36,68318675,0.262826283,0.32797271,0.42610261
2007,CHN,1,752,690,162,85,1530,500,40,5643,37,151,340,28,99670332,0.271132376,0.332797428,0.421584264
2007,MIL,2,801,776,162,83,1455,501,76,5554,47,231,310,37,70986500,0.261973353,0.328909032,0.455887649
2007,SLN,3,725,829,162,78,1513,506,54,5529,54,141,279,13,90286823,0.273648038,0.337457268,0.405317417
2007,HOU,4,723,813,162,73,1457,547,55,5605,40,167,293,30,87759000,0.259946476,0.329598207,0.412310437
2007,CIN,5,783,853,162,72,1496,536,66,5607,46,204,293,23,68524980,0.266809345,0.335411671,0.436418762
2007,PIT,6,724,846,162,68,1463,463,71,5569,51,148,322,31,38537833,0.262704256,0.324504387,0.41138445
2007,PHI,1,892,821,162,89,1558,641,90,5688,52,213,326,41,89428213,0.273909986,0.353732035,0.457981716
2007,NYN,2,804,750,162,88,1543,549,54,5605,58,177,294,27,115231663,0.27528992,0.342483243,0.432114184
2007,ATL,3,810,733,162,84,1562,534,49,5689,47,176,328,27,87290833,0.27456495,0.339452445,0.434522763
2007,WAS,4,673,783,162,73,1415,524,53,5520,41,123,309,31,36947500,0.25634058,0.324535679,0.390398551
2007,FLO,5,790,891,162,71,1504,521,82,5627,42,201,340,38,30507000,0.267282744,0.3359375,0.448373911
2007,ARI,1,712,732,162,90,1350,532,57,5398,58,171,286,40,52067546,0.250092627,0.320760959,0.412930715
2007,COL,2,860,758,163,90,1591,622,58,5691,44,171,313,36,54041000,0.279564224,0.35401403,0.437357231
2007,SDN,3,741,666,163,89,1408,557,49,5612,44,171,322,31,58110567,0.250890948,0.321622485,0.410727014
2007,LAN,4,735,727,162,82,1544,511,41,5613,55,129,276,35,108454524,0.275075717,0.336977492,0.40566542
2007,SFN,5,683,720,162,71,1407,532,39,5538,36,131,267,37,90219056,0.254062839,0.321887714,0.386601661
2008,CHA,1,811,729,163,89,1458,540,63,5553,47,235,296,13,121189332,0.262560778,0.332258585,0.447505853
2008,MIN,2,829,745,163,88,1572,529,36,5641,72,111,298,49,56932766,0.278673994,0.34039503,0.4079064
2008,CLE,3,805,761,162,81,1455,560,103,5543,49,171,339,22,78970066,0.262493235,0.338609113,0.424138553
2008,KCA,4,691,781,162,75,1507,392,50,5608,36,120,303,28,58245500,0.268723252,0.320243181,0.396932953
2008,DET,5,821,857,162,74,1529,572,44,5641,44,200,293,41,137685196,0.271051232,0.340422155,0.443892927
2008,TBA,1,774,671,162,97,1443,626,68,5541,52,180,284,37,43820597,0.260422306,0.339907746,0.422486916
2008,BOS,2,845,694,162,95,1565,646,70,5596,62,173,353,33,133390035,0.279664046,0.357860056,0.447283774
2008,NYA,3,789,727,162,89,1512,535,80,5572,39,180,289,20,207896789,0.271356784,0.341631866,0.427315147
2008,TOR,4,714,610,162,86,1453,521,59,5503,56,126,303,32,97793900,0.264037798,0.331161427,0.399418499
2008,BAL,5,782,869,161,68,1486,533,42,5559,48,172,322,30,67196246,0.267314265,0.333387253,0.42885411
2008,LAA,1,765,697,162,100,1486,481,52,5540,50,159,274,25,119216333,0.268231047,0.329740323,0.412815884
2008,TEX,2,901,967,162,79,1619,595,63,5728,54,194,376,35,67712326,0.282646648,0.353571429,0.462115922
2008,OAK,3,646,690,161,75,1318,574,48,5451,35,125,270,23,47967126,0.241790497,0.317616241,0.368556228
2008,SEA,4,671,811,162,61,1498,417,38,5643,42,124,285,20,117666482,0.265461634,0.318078176,0.388977494
2008,CHN,1,855,671,161,97,1552,636,50,5588,45,184,329,21,118345833,0.27773801,0.354169964,0.442913386
2008,MIL,2,750,689,162,90,1398,550,69,5535,43,198,324,35,80937499,0.252574526,0.325480071,0.431074977
2008,HOU,3,712,743,161,86,1432,449,52,5451,41,167,284,22,88930414,0.262704091,0.322542967,0.414786278
2008,SLN,4,779,725,162,86,1585,577,42,5636,44,174,283,26,99624449,0.281227821,0.349896809,0.433286018
2008,CIN,5,704,800,162,74,1351,560,50,5465,41,187,269,24,74117695,0.247209515,0.320634402,0.407868253
2008,PIT,6,735,884,162,67,1454,474,59,5628,51,153,314,21,48689783,0.258351102,0.319864778,0.403162758
2008,PHI,1,799,680,162,92,1407,586,67,5509,40,214,291,36,97879880,0.255400254,0.332150919,0.437829007
2008,NYN,2,799,715,162,89,1491,619,39,5606,49,172,274,38,137793376,0.265965037,0.340408681,0.420442383
2008,FLO,3,770,767,161,84,1397,543,69,5499,46,208,302,28,21811500,0.25404619,0.326295274,0.432624113
2008,ATL,4,753,778,162,72,1514,618,42,5604,34,130,316,33,102365683,0.270164168,0.345188949,0.407922912
2008,WAS,5,641,825,161,59,1376,534,67,5491,36,117,269,26,54961000,0.250591878,0.322617493,0.372973957
2008,LAN,1,700,648,162,84,1455,543,43,5506,38,137,271,29,118588536,0.264257174,0.332952692,0.398656012
2008,ARI,2,720,706,162,82,1355,587,49,5409,43,159,318,47,66202712,0.250508412,0.327036794,0.414864115
2008,COL,3,747,822,162,74,1462,570,57,5557,38,160,310,28,68655500,0.263091596,0.335744134,0.415332014
2008,SFN,4,640,759,162,72,1452,452,48,5543,44,94,311,37,76594500,0.261952012,0.320683424,0.382283962
2008,SDN,5,637,764,162,63,1390,518,53,5568,46,154,264,27,73677616,0.249640805,0.317057397,0.389727011
2009,MIN,1,817,765,163,87,1539,585,45,5608,57,172,271,40,65299266,0.274429387,0.344559174,0.429029957
2009,DET,2,743,745,163,86,1443,540,61,5540,39,183,245,35,115085145,0.260469314,0.330744337,0.416425993
2009,CHA,3,724,732,162,79,1410,534,62,5463,39,184,246,20,96068500,0.258099945,0.328960315,0.411495515
2009,CLE,4,773,865,162,65,1468,582,81,5568,50,161,314,28,81579166,0.263649425,0.339277185,0.416846264
2009,KCA,4,686,842,162,65,1432,457,42,5532,32,144,276,51,70519333,0.258857556,0.318489197,0.40527838
2009,NYA,1,915,753,162,103,1604,663,54,5660,39,244,325,21,201449189,0.283392226,0.36175187,0.477561837
2009,BOS,2,872,736,162,95,1495,659,70,5543,51,212,335,25,121345999,0.269709544,0.351731773,0.453905827
2009,TBA,3,803,754,162,84,1434,642,49,5462,45,199,297,36,63313034,0.262541194,0.342852533,0.439399487
2009,TOR,4,798,771,162,75,1516,548,45,5696,49,209,339,13,80538300,0.266151685,0.332754812,0.440308989
2009,BAL,5,741,876,162,64,1508,517,39,5618,46,160,307,19,67101666,0.268422926,0.331832797,0.415272339
2009,LAA,1,883,761,162,97,1604,547,41,5622,52,173,293,33,113709000,0.28530772,0.350047908,0.4414799
2009,TEX,2,784,740,162,87,1436,472,37,5526,51,224,296,27,68178798,0.259862468,0.319585935,0.44480637
2009,SEA,3,640,692,162,85,1430,421,49,5543,44,160,280,19,98904166,0.257983042,0.313686644,0.401948403
2009,OAK,4,759,761,162,75,1464,527,50,5584,54,135,307,21,61910000,0.26217765,0.328399035,0.397206304
2009,SLN,1,730,640,162,91,1436,528,61,5465,43,160,294,29,88528409,0.262763038,0.332130556,0.415004575
2009,CHN,2,707,672,161,83,1398,592,59,5486,42,161,293,29,134809000,0.254830478,0.331607056,0.40685381
2009,MIL,3,785,818,162,80,1447,610,71,5510,47,182,281,37,80182502,0.26261343,0.341134979,0.426134301
2009,CIN,4,673,723,162,78,1349,531,53,5462,41,158,280,25,73558500,0.246979129,0.317562017,0.394177957
2009,HOU,5,643,770,162,74,1415,448,43,5436,45,142,270,32,102996414,0.260301692,0.319156062,0.400110375
2009,PIT,6,636,768,161,62,1364,499,46,5417,36,125,289,34,48693000,0.251799889,0.318272758,0.386930035
2009,PHI,1,820,709,162,93,1439,589,71,5578,45,224,312,35,113004046,0.25797777,0.334076078,0.446934385
2009,FLO,2,772,766,162,87,1493,568,63,5572,39,159,296,25,36834000,0.267946877,0.340275553,0.415649677
2009,ATL,3,735,641,162,86,1459,602,52,5539,47,149,300,20,96726166,0.263404947,0.338621795,0.405488355
2009,NYN,4,671,757,162,70,1472,526,36,5453,55,95,295,49,149373987,0.269943151,0.33509061,0.394278379
2009,WAS,5,710,874,162,59,1416,617,56,5493,42,156,271,38,59928000,0.257782632,0.336501289,0.406153286
2009,LAN,1,780,611,162,95,1511,607,63,5592,44,145,278,39,100414592,0.270207439,0.345861085,0.411659514
2009,COL,2,804,715,162,92,1408,660,47,5398,60,190,300,50,75201000,0.260837347,0.343065693,0.440533531
2009,SFN,3,657,611,162,88,1411,392,50,5493,55,122,275,43,83026450,0.256872383,0.309348915,0.389222647
2009,SDN,4,638,769,162,75,1315,586,57,5425,36,141,265,31,43333700,0.242396313,0.320773263,0.380645161
2009,ARI,5,720,782,162,70,1408,571,37,5565,41,173,307,45,73115666,0.253009883,0.324428709,0.417610063
2010,MIN,1,781,671,162,94,1521,559,39,5568,53,142,318,41,97559166,0.273168103,0.340730021,0.421515805
2010,CHA,2,752,704,162,88,1467,467,79,5484,38,177,263,21,105530000,0.26750547,0.331740277,0.419948942
2010,DET,3,751,743,162,81,1515,546,41,5643,41,152,308,32,122864928,0.268474216,0.335193749,0.415204678
2010,CLE,4,646,752,162,69,1362,545,64,5487,33,128,290,20,61203966,0.248223073,0.321585903,0.378348824
2010,KCA,5,676,845,162,67,1534,471,35,5604,53,121,279,31,71405210,0.273733048,0.331007626,0.399357602
2010,TBA,1,802,649,162,96,1343,672,57,5439,57,160,295,37,71923471,0.24692039,0.332851406,0.40301526
2010,NYA,2,859,693,162,95,1485,662,73,5567,44,201,275,32,206333389,0.266750494,0.349826662,0.435961918
2010,BOS,3,818,744,162,89,1511,587,47,5646,46,211,358,22,162447333,0.267623096,0.339076826,0.450938718
2010,TOR,4,755,728,162,85,1364,471,55,5495,34,257,319,21,62234000,0.24822566,0.312138728,0.454231119
2010,BAL,5,613,785,162,66,1440,424,54,5554,45,133,264,21,81612500,0.259272596,0.315616258,0.386208138
2010,TEX,1,787,687,162,90,1556,511,45,5635,54,162,268,25,55250544,0.276131322,0.338190552,0.418811003
2010,OAK,2,663,626,162,81,1396,527,47,5448,51,109,276,30,55254900,0.256240822,0.324386629,0.377936858
2010,LAA,3,681,702,162,80,1363,466,52,5488,37,155,276,19,104963866,0.248360058,0.311269237,0.390306122
2010,SEA,4,513,698,162,61,1274,459,39,5409,40,101,227,16,86510000,0.23553337,0.297965361,0.339434276
2010,CIN,1,790,685,162,91,1515,522,68,5579,50,188,293,30,71761542,0.271554042,0.338478855,0.435920416
2010,SLN,2,736,641,162,86,1456,541,50,5542,40,150,285,18,93540751,0.262721039,0.331605378,0.401840491
2010,MIL,3,750,804,162,77,1471,546,81,5606,35,182,293,33,81108278,0.262397431,0.334716018,0.423831609
2010,HOU,4,611,729,162,76,1348,415,33,5452,29,108,252,25,92355500,0.247248716,0.302917861,0.362068966
2010,CHN,5,685,767,162,75,1414,479,50,5512,38,149,298,27,146609000,0.256531205,0.319624938,0.401487663
2010,PIT,6,587,866,162,57,1303,463,33,5386,33,126,276,27,34943000,0.241923505,0.304142012,0.373375418
2010,PHI,1,772,640,162,97,1451,560,63,5581,43,166,290,34,141928379,0.259989249,0.33199936,0.41336678
2010,ATL,2,738,629,162,91,1411,634,51,5463,35,139,312,25,84423666,0.258282995,0.338994016,0.400878638
2010,FLO,3,719,717,162,80,1403,514,55,5531,43,152,294,37,57029719,0.253661182,0.32101579,0.402639667
2010,NYN,4,656,652,162,79,1361,502,46,5465,57,128,266,40,134422942,0.249039341,0.314497529,0.382616651
2010,WAS,5,655,742,162,69,1355,503,60,5418,47,149,250,31,61400000,0.250092285,0.318181818,0.390180879
2010,SFN,1,697,583,162,92,1411,487,50,5488,41,162,284,30,98641333,0.257106414,0.321134191,0.408345481
2010,SDN,2,665,581,162,90,1338,538,50,5434,46,132,236,24,37799300,0.246227457,0.317402769,0.371365477
2010,COL,3,770,717,162,83,1452,585,47,5530,47,173,270,54,84227000,0.262567812,0.33564181,0.42477396
2010,LAN,4,667,692,162,80,1368,533,46,5426,50,120,270,29,95358016,0.252119425,0.321552436,0.378916329
2010,ARI,5,713,836,162,65,1366,589,39,5473,41,180,301,34,60718166,0.249588891,0.324649951,0.41567696
2011,DET,1,787,711,162,95,1540,521,39,5563,58,169,297,34,105700231,0.276829049,0.339750849,0.433579004
2011,CLE,2,704,760,162,80,1380,494,65,5509,43,154,290,26,48776566,0.250499183,0.317296678,0.396442186
2011,CHA,3,654,706,162,79,1387,475,84,5502,46,154,252,16,127789000,0.252090149,0.318650729,0.387677208
2011,KCA,4,730,762,162,71,1560,442,39,5672,57,129,325,41,35712000,0.275035261,0.328663446,0.415021157
2011,MIN,5,619,804,162,63,1357,440,37,5487,25,103,259,25,112737000,0.247311828,0.306228085,0.35994168
2011,NYA,1,867,657,162,97,1452,627,74,5518,51,222,267,33,202275028,0.263138818,0.34338118,0.444182675
2011,TBA,2,707,614,162,91,1324,571,73,5436,35,172,273,37,41053571,0.243561442,0.321831562,0.402317881
2011,BOS,3,875,737,162,90,1600,578,50,5710,50,203,352,35,161762475,0.280210158,0.348778961,0.460770578
2011,TOR,4,743,761,162,81,1384,525,48,5559,47,186,285,34,62567800,0.248965641,0.316717916,0.412844037
2011,BAL,5,708,860,162,69,1434,452,52,5585,43,191,273,13,85304038,0.256759176,0.316046967,0.412891674
2011,TEX,1,855,677,162,96,1599,475,39,5659,49,210,310,32,92299264,0.282558756,0.339601414,0.459975261
2011,LAA,2,667,633,162,86,1394,442,51,5513,32,155,289,34,138543166,0.252856884,0.312520702,0.401959006
2011,OAK,3,645,679,162,74,1330,509,50,5452,57,114,280,29,66536500,0.243947175,0.311305208,0.368672047
2011,SEA,4,556,675,162,67,1263,435,37,5421,41,109,253,22,86110600,0.232982844,0.292382878,0.348090758
2011,MIL,1,721,638,162,96,1422,481,56,5447,44,185,276,31,85497333,0.261061135,0.324983411,0.42500459
2011,SLN,2,762,692,162,90,1513,542,44,5532,40,162,308,22,105433572,0.273499638,0.340857421,0.424981923
2011,CIN,3,735,720,162,79,1438,535,63,5612,40,183,264,19,75947134,0.256236636,0.32576,0.40787598
2011,PIT,4,610,712,162,72,1325,489,34,5421,44,107,277,35,45047000,0.244419849,0.308617234,0.367644346
2011,CHN,5,654,756,162,71,1423,425,59,5549,35,148,285,36,125047329,0.256442602,0.314271589,0.400792936
2011,HOU,6,615,796,162,56,1442,401,46,5598,37,95,309,28,70694000,0.257591997,0.310588622,0.373704895
2011,PHI,1,713,529,162,102,1409,539,56,5579,38,153,258,38,172976379,0.252554221,0.322601417,0.39469439
2011,ATL,2,641,605,162,89,1345,504,28,5528,30,173,244,16,87002692,0.243306802,0.308210181,0.387120116
2011,WAS,3,624,643,161,80,1319,470,65,5441,32,154,257,22,63856928,0.242418673,0.308588549,0.382650248
2011,NYN,4,718,742,162,77,1477,571,51,5600,48,108,309,39,118847309,0.26375,0.33476874,0.390714286
2011,FLO,5,625,702,162,72,1358,542,51,5508,42,149,274,30,56944000,0.246550472,0.317597265,0.388344227
2011,ARI,1,731,662,162,94,1357,531,61,5421,33,172,293,37,53639833,0.250322819,0.322361892,0.413207895
2011,SFN,2,570,578,162,86,1327,448,52,5486,43,121,282,24,118198333,0.241888443,0.303035329,0.368209989
2011,LAN,3,644,612,161,82,1395,498,45,5436,43,117,237,28,104188999,0.256622517,0.321819993,0.375091979
2011,COL,4,735,774,162,73,1429,555,57,5544,44,163,274,40,88148071,0.257756133,0.329193548,0.40981241
2011,SDN,5,593,611,162,71,1284,501,48,5417,47,91,247,42,45869140,0.237031567,0.304839514,0.348532398
2012,DET,1,726,670,162,88,1467,511,57,5476,39,163,279,39,132300000,0.267896275,0.334538879,0.422388605
2012,CHA,2,748,676,162,85,1409,461,65,5518,36,211,228,29,96919500,0.25534614,0.318256579,0.42189199
2012,KCA,3,676,746,162,72,1492,404,42,5636,41,131,295,37,60916225,0.264726757,0.316511514,0.399929028
2012,CLE,4,667,845,162,68,1385,555,59,5525,39,136,266,24,78430300,0.250678733,0.323567498,0.381357466
2012,MIN,5,701,832,162,66,1448,505,53,5562,56,131,270,30,94085000,0.260338008,0.324805699,0.39032722
2012,NYA,1,804,668,162,95,1462,565,62,5524,49,245,280,13,196522289,0.264663287,0.336935484,0.453113686
2012,BAL,2,712,705,162,93,1375,480,50,5560,30,214,270,16,77353999,0.247302158,0.31127451,0.417086331
2012,TBA,3,697,577,162,90,1293,571,58,5398,42,175,250,30,64173500,0.23953316,0.316691382,0.394220082
2012,TOR,4,716,784,162,73,1346,473,55,5487,45,198,247,22,75009200,0.245307089,0.309240924,0.406597412
2012,BOS,5,734,806,162,69,1459,428,45,5604,55,165,339,16,173186617,0.26034975,0.315068493,0.414882227
2012,OAK,1,713,614,162,94,1315,550,45,5527,34,195,267,32,55372500,0.237922924,0.310266407,0.403654786
2012,TEX,2,808,707,162,93,1526,478,57,5590,53,200,303,32,120510974,0.272987478,0.333603108,0.445974955
2012,LAA,3,767,699,162,89,1518,449,47,5536,41,187,273,22,154485166,0.274205202,0.331631813,0.432803468
2012,SEA,4,619,651,162,75,1285,466,30,5494,35,149,241,27,81978100,0.233891518,0.29560166,0.368947943
2012,CIN,1,669,588,162,97,1377,481,47,5477,37,172,296,30,82203616,0.251415008,0.315292949,0.410626255
2012,SLN,2,765,648,162,88,1526,533,53,5622,49,159,290,37,110300862,0.271433654,0.337541953,0.421024546
2012,MIL,3,776,733,162,83,1442,466,90,5557,35,202,300,39,97653944,0.259492532,0.324983735,0.436566493
2012,PIT,4,651,674,162,79,1313,444,51,5412,45,170,241,37,62951999,0.242609017,0.303763441,0.395048041
2012,CHN,5,613,759,162,61,1297,447,43,5411,24,137,265,36,88197033,0.239696914,0.301603376,0.377933838
2012,HOU,6,583,794,162,55,1276,463,58,5407,30,146,238,28,60651000,0.235990383,0.301611279,0.371370446
2012,WAS,1,731,594,162,98,1468,479,41,5615,36,194,301,25,80855143,0.261442565,0.322152001,0.42760463
2012,ATL,2,700,600,162,94,1341,567,34,5425,46,149,263,30,82829942,0.24718894,0.319828722,0.389124424
2012,PHI,3,684,680,162,81,1414,454,63,5544,39,158,271,28,174538938,0.255050505,0.316557377,0.399531025
2012,NYN,4,650,709,162,74,1357,503,42,5450,30,139,286,21,93353983,0.248990826,0.315684647,0.385688073
2012,MIA,5,609,724,162,69,1327,484,35,5437,40,137,261,39,118078000,0.24406842,0.307871915,0.382012139
2012,SFN,1,718,649,162,94,1495,483,29,5558,61,103,287,57,117620683,0.268981648,0.327352797,0.396725441
2012,LAN,2,637,597,162,86,1369,481,52,5438,38,116,269,23,95143575,0.251746966,0.316525212,0.373666789
2012,ARI,3,734,688,162,81,1416,539,41,5462,45,165,307,33,73804833,0.259245698,0.327911943,0.418161845
2012,SDN,4,651,710,162,76,1339,539,54,5422,34,121,272,43,55244700,0.246956842,0.319391635,0.379933604
2012,COL,5,758,890,162,64,1526,450,36,5577,39,166,306,52,78069571,0.273623812,0.329727958,0.43643536
2013,DET,1,796,624,162,93,1625,531,43,5735,47,176,292,23,145989500,0.283347864,0.34597231,0.43435048
2013,CLE,2,745,662,162,92,1391,562,51,5465,56,171,290,23,75771800,0.25452882,0.326703619,0.409881061
2013,KCA,3,648,601,162,86,1443,422,42,5549,42,112,254,34,80091725,0.260046855,0.314946325,0.37862678
2013,MIN,4,614,788,162,66,1346,533,52,5564,32,151,285,15,75337500,0.241912293,0.312408995,0.379942487
2013,CHA,5,598,723,162,63,1385,411,34,5563,48,148,237,19,120065277,0.248966385,0.302179657,0.378213194
2013,BOS,1,853,656,162,97,1566,581,72,5651,50,178,363,29,151530000,0.277119094,0.349228832,0.446115732
2013,TBA,2,700,646,163,92,1421,589,36,5538,55,165,296,23,52955272,0.256590827,0.329044709,0.407728422
2013,BAL,3,745,709,162,85,1460,416,36,5620,45,212,298,14,84393333,0.259786477,0.312571522,0.430960854
2013,NYA,4,650,671,162,85,1321,466,57,5449,36,144,247,24,231978886,0.242429804,0.306924101,0.37584878
2013,TOR,5,712,756,162,74,1398,510,38,5537,38,185,273,24,126288100,0.252483294,0.317818063,0.41069171
2013,OAK,1,767,625,162,96,1403,573,45,5521,49,186,301,25,60132500,0.25412063,0.326599871,0.418764717
2013,TEX,2,730,636,163,91,1465,462,61,5585,42,176,262,23,112522600,0.262309758,0.323252033,0.411996419
2013,LAA,3,733,737,162,78,1476,523,48,5588,64,164,270,39,124174750,0.264137437,0.328941025,0.414459556
2013,SEA,4,624,754,162,71,1318,529,31,5558,28,188,249,17,74005043,0.23713566,0.305564595,0.389528607
2013,HOU,5,610,848,162,51,1307,426,52,5457,38,148,266,16,17890700,0.239508888,0.298844802,0.375481034
2013,SLN,1,783,596,162,97,1494,481,64,5557,44,125,322,20,92260110,0.268850099,0.331760495,0.401475616
2013,PIT,2,634,577,162,94,1345,469,88,5486,29,161,273,35,77062000,0.245169522,0.313241107,0.395734597
2013,CIN,3,698,589,162,90,1370,585,76,5499,46,155,274,20,106404462,0.249136207,0.327263938,0.390798327
2013,MIL,4,640,687,162,74,1381,407,71,5474,35,157,238,43,76947033,0.252283522,0.310506097,0.397515528
2013,CHN,5,602,689,162,66,1307,439,67,5498,30,172,297,18,100567726,0.237722808,0.300464037,0.392142597
2013,ATL,1,688,548,162,96,1354,542,55,5441,35,181,247,21,87871525,0.248851314,0.321258027,0.401764382
2013,WAS,2,656,626,162,86,1365,464,40,5436,39,161,259,27,113703270,0.251103753,0.312594079,0.397534952
2013,NYN,4,619,684,162,74,1318,512,51,5559,32,130,263,32,49448346,0.237093002,0.305654859,0.366073035
2013,PHI,4,610,749,162,73,1355,417,53,5456,31,140,255,32,169863189,0.24835044,0.306362263,0.383797654
2013,MIA,5,513,646,162,62,1257,432,56,5449,26,95,219,31,33601900,0.230684529,0.292637934,0.334556799
2013,LAN,1,649,582,162,92,1447,476,57,5491,48,138,281,17,223362196,0.263522127,0.326086957,0.39628483
2013,ARI,2,685,695,162,81,1468,519,43,5676,43,130,302,31,90132000,0.25863284,0.323196943,0.391472868
2013,SDN,3,618,700,162,76,1349,467,52,5517,34,146,246,26,65585500,0.244516948,0.307742998,0.377922784
2013,SFN,4,629,691,162,76,1446,469,39,5552,42,107,280,35,140180334,0.260446686,0.320222878,0.381304035
2013,COL,5,706,760,162,74,1511,427,26,5599,35,159,283,36,74409071,0.26986962,0.322654838,0.418467583
