player,position,age,team,games,games_started,mins_per_g,fg_per_g,fga_per_g,fg_pct,fg3_per_g,fg3a_per_g,fg3_pct,fg2_per_g,fg2a_per_g,fg2_pct,efg_pct,ft_per_g,fta_per_g,ft_pct,orb_per_g,drb_per_g,trb_per_g,ast_per_g,stl_per_g,blk_per_g,tov_per_g,pf_per_g,pts_per_g,salary
Alex Abrines,SG,23,OKC,68,6,15.5,2,5,0.393,1.4,3.6,0.381,0.6,1.4,0.426,0.531,0.6,0.6,0.898,0.3,1,1.3,0.6,0.5,0.1,0.5,1.7,6,5994764
Steven Adams,C,23,OKC,80,80,29.9,4.7,8.2,0.571,0,0,0,4.7,8.2,0.572,0.571,2,2,0.611,3.5,4.2,7.7,1.1,1.1,1,1.8,2.4,11.3,3140517
Arron Afflalo,SG,31,SAC,61,45,25.9,3,6.9,0.44,1,2.5,0.411,2,4.4,0.457,0.514,1.4,1.4,0.892,0.1,1.9,2,1.3,0.3,0.1,0.7,1.7,8.4,12500000
Alexis Ajinca,C,28,NOP,39,15,15,2.3,4.6,0.5,0,0.1,0,2.3,4.5,0.511,0.5,0.7,0.7,0.725,1.2,3.4,4.5,0.3,0.5,0.6,0.8,2,5.3,4638203
Cole Aldrich,C,28,MIN,62,0,8.6,0.7,1.4,0.523,0,0,0,0.7,1.4,0.523,0.523,0.2,0.2,0.682,0.8,1.7,2.5,0.4,0.4,0.4,0.3,1.4,1.7,7643979
LaMarcus Aldridge,PF,31,SAS,72,72,32.4,6.9,14.6,0.477,0.3,0.8,0.411,6.6,13.8,0.48,0.488,3.1,3.1,0.812,2.4,4.9,7.3,1.9,0.6,1.2,1.4,2.2,17.3,20575005
Tony Allen,SG,35,MEM,71,66,27,3.9,8.4,0.461,0.2,0.8,0.278,3.6,7.6,0.479,0.473,1.1,1.1,0.615,2.3,3.2,5.5,1.4,1.6,0.4,1.4,2.5,9.1,5505618
Al-Farouq Aminu,SF,26,POR,61,25,29.1,3,7.6,0.393,1.1,3.5,0.33,1.9,4.2,0.445,0.468,1.6,1.6,0.706,1.3,6.1,7.4,1.6,1,0.7,1.5,1.7,8.7,7680965
Kyle Anderson,SG,23,SAS,72,14,14.2,1.3,2.9,0.445,0.2,0.6,0.375,1.1,2.3,0.462,0.481,0.6,0.6,0.789,0.5,2.4,2.9,1.3,0.7,0.4,0.5,0.9,3.4,1192080
Ryan Anderson,PF,28,HOU,72,72,29.4,4.5,10.7,0.418,2.8,7,0.403,1.7,3.7,0.446,0.55,1.8,1.8,0.86,1.6,3,4.6,0.9,0.4,0.2,0.8,2,13.6,18735364
Giannis Antetokounmpo,SF,22,MIL,80,80,35.6,8.2,15.7,0.521,0.6,2.3,0.272,7.6,13.5,0.563,0.541,5.9,5.9,0.77,1.8,7,8.8,5.4,1.6,1.9,2.9,3.1,22.9,2995421
Carmelo Anthony,SF,32,NYK,74,74,34.3,8.1,18.8,0.433,2,5.7,0.359,6.1,13.1,0.466,0.488,4.1,4.1,0.833,0.8,5.1,5.9,2.9,0.8,0.5,2.1,2.7,22.4,24559380
Joel Anthony,C,34,SAS,19,0,6.4,0.5,0.8,0.625,0,0,0,0.5,0.8,0.625,0.625,0.3,0.3,0.625,0.4,1.2,1.6,0.2,0.1,0.3,0.2,0.6,1.3,346034
Trevor Ariza,SF,31,HOU,80,80,34.7,4.1,10,0.409,2.4,6.9,0.344,1.7,3,0.556,0.528,1.2,1.2,0.738,0.7,5.1,5.7,2.2,1.8,0.3,0.9,1.7,11.7,7806971
Darrell Arthur,PF,28,DEN,41,7,15.6,2.3,5.2,0.442,1.3,2.9,0.453,1,2.4,0.429,0.565,0.5,0.5,0.864,0.6,2.1,2.7,1,0.5,0.5,0.9,1.9,6.4,8070175
Omer Asik,C,30,NOP,31,19,15.5,1,2.1,0.477,0,0,0,1,2.1,0.477,0.477,0.7,0.7,0.59,1.5,3.7,5.3,0.5,0.2,0.3,0.5,1.6,2.7,9904494
D.J. Augustin,PG,29,ORL,78,20,19.7,2.5,6.6,0.377,1.2,3.5,0.347,1.3,3.1,0.412,0.469,1.7,1.7,0.814,0.2,1.3,1.5,2.7,0.4,0,1.2,1.3,7.9,7250000
Luke Babbitt,SF,27,MIA,68,55,15.7,1.7,4.1,0.402,1.3,3.1,0.414,0.4,1,0.366,0.557,0.2,0.2,0.733,0.2,1.9,2.1,0.5,0.3,0.2,0.4,1.7,4.8,1227286
Leandro Barbosa,SG,34,PHO,67,0,14.4,2.6,5.9,0.439,0.5,1.5,0.357,2,4.4,0.466,0.483,0.6,0.6,0.889,0.2,1.3,1.6,1.2,0.5,0.1,0.7,1.2,6.3,4000000
J.J. Barea,PG,32,DAL,35,6,22,4.1,9.8,0.414,1.5,4.2,0.358,2.5,5.6,0.456,0.491,1.3,1.3,0.863,0.3,2.1,2.4,5.5,0.4,0,1.8,0.9,10.9,4096950
Will Barton,SG,26,DEN,60,19,28.4,4.9,11.1,0.443,1.5,3.9,0.37,3.5,7.2,0.483,0.508,2.4,2.4,0.753,1,3.4,4.3,3.4,0.8,0.5,1.6,1.8,13.7,3533333
Nicolas Batum,SG,28,CHO,77,77,34,5.1,12.7,0.403,1.8,5.3,0.333,3.4,7.4,0.453,0.472,3.2,3.2,0.856,0.6,5.6,6.2,5.9,1.1,0.4,2.5,1.4,15.1,20869566
Jerryd Bayless,PG,28,PHI,3,1,23.7,3.7,10.7,0.344,0.7,1.7,0.4,3,9,0.333,0.375,3,3,0.9,1,3,4,4.3,0,0,3,1.3,11,9424084
Aron Baynes,C,30,DET,75,2,15.5,1.9,3.7,0.513,0,0,0,1.9,3.7,0.513,0.513,1.1,1.1,0.84,1.5,3,4.4,0.4,0.2,0.5,0.7,2.2,4.9,6500000
Kent Bazemore,SF,27,ATL,73,64,26.9,4,9.9,0.409,1.3,3.6,0.346,2.8,6.2,0.446,0.473,1.6,1.6,0.708,0.6,2.5,3.2,2.4,1.2,0.7,1.7,2.3,11,15730338
Bradley Beal,SG,23,WAS,77,77,34.9,8.3,17.2,0.482,2.9,7.2,0.404,5.4,10,0.538,0.566,3.7,3.7,0.825,0.7,2.4,3.1,3.5,1.1,0.3,2,2.2,23.1,22116750
Malik Beasley,SG,20,DEN,22,1,7.5,1.5,3.3,0.452,0.4,1.3,0.321,1.1,2,0.533,0.514,0.4,0.4,0.8,0.2,0.5,0.8,0.5,0.3,0,0.4,0.5,3.8,1627320
Marco Belinelli,SG,30,CHO,74,0,24,3.6,8.3,0.429,1.4,3.8,0.36,2.2,4.5,0.488,0.512,2,2,0.893,0.2,2.2,2.4,2,0.6,0.1,0.9,1.2,10.5,6333333
DeAndre' Bembry,SF,22,ATL,38,1,9.8,1.2,2.6,0.48,0,0.5,0.056,1.2,2.1,0.575,0.485,0.2,0.2,0.375,0.4,1.2,1.6,0.7,0.2,0.1,0.4,0.6,2.7,1499760
Dragan Bender,PF,19,PHO,43,0,13.3,1.3,3.7,0.354,0.7,2.3,0.277,0.7,1.4,0.483,0.441,0.1,0.1,0.364,0.5,1.9,2.4,0.5,0.2,0.5,0.7,1.7,3.4,4276320
Anthony Bennett,PF,23,BRK,23,1,11.5,1.7,4,0.413,0.6,2.1,0.271,1.1,1.9,0.568,0.484,1.1,1.1,0.722,1.1,2.3,3.4,0.5,0.2,0.1,0.5,0.8,5,1015696
Bismack Biyombo,C,24,ORL,81,27,22.1,2.2,4.2,0.528,0,0,0,2.2,4.2,0.528,0.528,1.5,1.5,0.534,1.9,5.1,7,0.9,0.3,1.1,1.2,2.5,6,17000000
Nemanja Bjelica,PF,28,MIN,65,1,18.3,2.3,5.5,0.424,0.9,2.7,0.316,1.5,2.8,0.531,0.503,0.7,0.7,0.738,0.9,2.9,3.8,1.2,0.6,0.3,0.9,2.4,6.2,3800000
Tarik Black,C,25,LAL,67,16,16.3,2.2,4.4,0.51,0,0,0.5,2.2,4.4,0.51,0.512,1.2,1.2,0.752,2.1,3,5.1,0.6,0.4,0.7,0.9,2.6,5.7,6191000
Eric Bledsoe,PG,27,PHO,66,66,33,6.8,15.7,0.434,1.6,4.7,0.335,5.2,11,0.477,0.485,5.9,5.9,0.847,0.8,4.1,4.8,6.3,1.4,0.5,3.4,2.5,21.1,14000000
Joel Bolomboy,PF,23,UTA,12,0,4.4,0.8,1.3,0.563,0.1,0.3,0.25,0.7,1,0.667,0.594,0.3,0.3,0.5,0.3,1.1,1.4,0.2,0.1,0.2,0.2,0.1,1.8,600000
Devin Booker,SG,20,PHO,78,78,35,7.8,18.3,0.423,1.9,5.2,0.363,5.9,13.2,0.447,0.475,4.7,4.7,0.832,0.6,2.6,3.2,3.4,0.9,0.3,3.1,3.1,22.1,2223600
Trevor Booker,PF,29,BRK,71,43,24.7,4.3,8.3,0.516,0.4,1.1,0.321,3.9,7.2,0.546,0.537,1,1,0.673,2,6,8,1.9,1.1,0.4,1.8,2.1,10,9250000
Avery Bradley,SG,26,BOS,55,55,33.4,6.5,14.1,0.463,2,5,0.39,4.6,9.1,0.504,0.533,1.2,1.2,0.731,1.2,4.9,6.1,2.2,1.2,0.2,1.6,2.6,16.3,8269663
Malcolm Brogdon,SG,24,MIL,75,28,26.4,3.9,8.5,0.457,1,2.6,0.404,2.8,5.9,0.48,0.518,1.5,1.5,0.865,0.6,2.2,2.8,4.2,1.1,0.2,1.5,1.9,10.2,925000
Aaron Brooks,PG,32,IND,65,0,13.8,1.9,4.6,0.403,0.7,2,0.375,1.1,2.6,0.424,0.483,0.5,0.5,0.8,0.3,0.8,1.1,1.9,0.4,0.1,1,1.4,5,2700000
Bobby Brown,PG,32,HOU,25,0,4.9,0.9,2.4,0.383,0.6,1.4,0.4,0.4,1,0.36,0.5,0.1,0.1,1,0,0.2,0.2,0.6,0,0,0.2,0.2,2.5,680534
Jaylen Brown,SF,20,BOS,78,20,17.2,2.5,5.4,0.454,0.6,1.7,0.341,1.9,3.7,0.507,0.508,1.1,1.1,0.685,0.6,2.2,2.8,0.8,0.4,0.2,0.9,1.8,6.6,4743000
Nicolas Brussino,SF,23,DAL,54,2,9.6,1,2.6,0.369,0.5,1.8,0.305,0.4,0.9,0.5,0.472,0.3,0.3,0.773,0.5,1.3,1.8,0.9,0.3,0.1,0.5,0.8,2.8,543471
Reggie Bullock,SF,25,DET,31,5,15.1,1.7,4.1,0.422,0.9,2.4,0.384,0.8,1.8,0.473,0.531,0.2,0.2,0.714,0.4,1.6,2.1,0.9,0.6,0.1,0.3,0.7,4.5,2255644
Trey Burke,PG,24,WAS,57,0,12.3,2,4.5,0.455,0.5,1.2,0.443,1.5,3.2,0.459,0.516,0.4,0.4,0.759,0.1,0.7,0.8,1.8,0.2,0.1,0.8,0.9,5,3386598
Alec Burks,SG,25,UTA,42,0,15.5,2.4,5.9,0.399,0.6,1.8,0.329,1.8,4.1,0.43,0.45,1.4,1.4,0.769,0.4,2.5,2.9,0.7,0.4,0.1,0.8,1.2,6.7,10154495
Jimmy Butler,SF,27,CHI,76,75,37,7.5,16.5,0.455,1.2,3.3,0.367,6.3,13.2,0.477,0.492,7.7,7.7,0.865,1.7,4.5,6.2,5.5,1.9,0.4,2.1,1.5,23.9,17552209
Bruno Caboclo,SF,21,TOR,9,0,4.4,0.7,1.8,0.375,0.2,0.7,0.333,0.4,1.1,0.4,0.438,0,0,0,0.6,0.6,1.1,0.4,0.2,0.1,0.2,0.4,1.6,1589640
Kentavious Caldwell-Pope,SG,23,DET,76,75,33.3,4.9,12.2,0.399,2,5.8,0.35,2.9,6.5,0.442,0.481,2,2,0.832,0.7,2.5,3.3,2.5,1.2,0.2,1.1,1.6,13.8,3678319
Isaiah Canaan,SG,25,CHI,39,0,15.2,1.6,4.4,0.364,0.6,2.4,0.266,1,2,0.481,0.436,0.8,0.8,0.909,0.2,1.1,1.3,0.9,0.6,0,0.5,0.9,4.6,1015696
Clint Capela,C,22,HOU,65,59,23.9,5.6,8.7,0.643,0,0,0,5.6,8.7,0.643,0.643,1.4,1.4,0.531,2.7,5.4,8.1,1,0.5,1.2,1.3,2.8,12.6,1296240
DeMarre Carroll,SF,30,TOR,72,72,26.1,3.1,7.6,0.4,1.5,4.4,0.341,1.5,3.2,0.483,0.499,1.2,1.2,0.761,0.9,2.9,3.8,1,1.1,0.4,0.8,2,8.9,14200000
Vince Carter,SF,40,MEM,73,15,24.6,2.6,6.7,0.394,1.5,4.1,0.378,1.1,2.7,0.418,0.508,1.2,1.2,0.765,0.5,2.6,3.1,1.8,0.8,0.5,0.7,2.2,8,4264057
Michael Carter-Williams,PG,25,CHI,45,19,18.8,2.5,6.8,0.366,0.3,1.4,0.234,2.2,5.4,0.401,0.391,1.3,1.3,0.753,0.5,2.9,3.4,2.5,0.8,0.5,1.5,2.3,6.6,3183526
Willie Cauley-Stein,C,23,SAC,75,21,18.9,3.4,6.4,0.53,0,0,0,3.4,6.4,0.532,0.53,1.3,1.3,0.669,1.1,3.4,4.5,1.1,0.7,0.6,0.9,2,8.1,3551160
Tyson Chandler,C,34,PHO,47,46,27.6,3.3,4.9,0.671,0,0,0,3.3,4.9,0.671,0.671,1.9,1.9,0.734,3.3,8.2,11.5,0.6,0.7,0.5,1.4,2.7,8.4,12415000
Wilson Chandler,SF,29,DEN,71,33,30.9,6.1,13.2,0.461,1.5,4.6,0.337,4.5,8.6,0.527,0.52,2,2,0.727,1.5,5,6.5,2,0.7,0.4,1.6,2.4,15.7,11233146
Marquese Chriss,PF,19,PHO,82,75,21.3,3.5,7.7,0.449,0.9,2.7,0.321,2.6,5,0.52,0.506,1.4,1.4,0.624,1.2,3.1,4.2,0.7,0.8,0.9,1.3,3.2,9.2,2941440
Rakeem Christmas,PF,25,IND,29,0,7.6,0.7,1.5,0.442,0,0,0,0.7,1.5,0.442,0.442,0.7,0.7,0.724,0.9,1,1.9,0.1,0.1,0.2,0.3,1.3,2,1052342
Jordan Clarkson,SG,24,LAL,82,19,29.2,5.8,13.1,0.445,1.4,4.3,0.329,4.4,8.7,0.503,0.5,1.6,1.6,0.798,0.6,2.4,3,2.6,1.1,0.1,2,1.8,14.7,12500000
Norris Cole,PG,28,OKC,13,0,9.6,1.2,4,0.308,0.2,1,0.231,1,3,0.333,0.337,0.6,0.6,0.8,0,0.8,0.8,1.1,0.6,0,0.5,1.4,3.3,247991
Darren Collison,PG,29,SAC,68,64,30.3,5,10.5,0.476,1.1,2.6,0.417,3.9,7.9,0.495,0.527,2.2,2.2,0.86,0.3,1.9,2.2,4.6,1,0.1,1.7,1.8,13.2,5229454
Nick Collison,PF,36,OKC,20,0,6.4,0.7,1.2,0.609,0,0.1,0,0.7,1.1,0.636,0.609,0.3,0.3,0.625,0.5,1.1,1.6,0.6,0.1,0.1,0.2,0.9,1.7,3750000
Mike Conley,PG,29,MEM,69,68,33.2,6.7,14.6,0.46,2.5,6.1,0.408,4.2,8.6,0.497,0.545,4.6,4.6,0.859,0.4,3,3.5,6.3,1.3,0.3,2.3,1.8,20.5,26540100
Pat Connaughton,SG,24,POR,39,1,8.1,0.9,1.8,0.514,0.4,0.8,0.515,0.5,1,0.513,0.632,0.2,0.2,0.778,0.3,1.1,1.3,0.7,0.2,0.1,0.4,0.6,2.5,874636
Allen Crabbe,SG,24,POR,79,7,28.5,3.8,8.2,0.468,1.7,3.8,0.444,2.1,4.4,0.49,0.572,1.3,1.3,0.847,0.2,2.6,2.9,1.2,0.7,0.3,0.8,2.2,10.7,18500000
Jamal Crawford,SG,36,LAC,82,1,26.3,4.4,10.6,0.413,1.4,3.9,0.36,3,6.7,0.443,0.479,2.1,2.1,0.857,0.2,1.4,1.6,2.6,0.7,0.2,1.6,1.4,12.3,13253012
Jordan Crawford,SG,28,NOP,19,0,23.3,5.5,11.5,0.482,1.9,5,0.389,3.6,6.5,0.553,0.567,1.1,1.1,0.769,0.2,1.6,1.8,3,0.6,0.1,1.3,1.6,14.1,173099
Jae Crowder,SF,26,BOS,72,72,32.4,4.6,10,0.463,2.2,5.5,0.398,2.4,4.5,0.54,0.572,2.4,2.4,0.811,0.7,5.1,5.8,2.2,1,0.3,1.1,2.2,13.9,6286408
Dante Cunningham,SF,29,NOP,66,35,25,2.6,5.4,0.485,1.1,2.7,0.392,1.6,2.7,0.579,0.584,0.2,0.2,0.593,0.8,3.3,4.2,0.6,0.6,0.4,0.4,1.5,6.6,2978250
Stephen Curry,PG,28,GSW,79,79,33.4,8.5,18.3,0.468,4.1,10,0.411,4.4,8.3,0.537,0.58,4.1,4.1,0.898,0.8,3.7,4.5,6.6,1.8,0.2,3,2.3,25.3,12112359
Troy Daniels,SG,25,MEM,67,3,17.7,2.8,7.4,0.374,2.1,5.3,0.389,0.7,2.1,0.336,0.513,0.6,0.6,0.796,0.3,1.2,1.5,0.7,0.3,0.1,0.7,1.3,8.2,3332940
Anthony Davis,C,23,NOP,75,75,36.1,10.3,20.3,0.505,0.5,1.8,0.299,9.7,18.6,0.524,0.518,6.9,6.9,0.802,2.3,9.5,11.8,2.1,1.3,2.2,2.4,2.2,28,22116750
Deyonta Davis,C,20,MEM,36,0,6.6,0.7,1.3,0.511,0,0,0,0.7,1.3,0.511,0.511,0.3,0.3,0.556,0.6,1.1,1.7,0.1,0.1,0.5,0.2,1.1,1.6,1369299
Ed Davis,PF,27,POR,46,12,17.2,1.6,3.1,0.528,0,0,0,1.6,3.1,0.528,0.528,1.1,1.1,0.617,2.1,3.2,5.3,0.6,0.3,0.5,0.8,3,4.3,6666667
Dewayne Dedmon,C,27,SAS,76,37,17.5,2.1,3.4,0.622,0,0,0,2.1,3.4,0.622,0.622,0.9,0.9,0.699,1.7,4.8,6.5,0.6,0.5,0.8,0.8,2.4,5.1,2898000
Sam Dekker,SF,22,HOU,77,2,18.4,2.6,5.6,0.473,0.8,2.4,0.321,1.9,3.1,0.591,0.543,0.5,0.5,0.559,1.2,2.5,3.7,1,0.5,0.3,0.5,1.1,6.5,1720560
Malcolm Delaney,PG,27,ATL,73,2,17.1,2,5.3,0.374,0.4,1.5,0.236,1.6,3.8,0.428,0.407,1,1,0.806,0.1,1.5,1.7,2.6,0.5,0,1.3,1.5,5.4,2500000
Matthew Dellavedova,PG,26,MIL,76,54,26.1,2.7,7,0.39,1,2.8,0.367,1.7,4.2,0.404,0.463,1.1,1.1,0.854,0.3,1.6,1.9,4.7,0.7,0,1.8,2,7.6,9607500
Luol Deng,SF,31,LAL,56,49,26.5,2.9,7.6,0.387,0.9,2.9,0.309,2,4.6,0.436,0.447,0.8,0.8,0.73,1.1,4.1,5.3,1.3,0.9,0.4,0.8,1.1,7.6,18000000
Boris Diaw,PF,34,UTA,73,33,17.6,2,4.5,0.446,0.3,1.1,0.247,1.7,3.4,0.512,0.477,0.4,0.4,0.743,0.6,1.5,2.2,2.3,0.2,0.1,1.2,1.1,4.6,7000000
Gorgui Dieng,PF,27,MIN,82,82,32.4,4,8.1,0.502,0.2,0.5,0.372,3.9,7.5,0.511,0.514,1.7,1.7,0.814,2.3,5.6,7.9,1.9,1.1,1.2,1.3,3.1,10,2348783
Spencer Dinwiddie,PG,23,BRK,59,18,22.6,2.3,5.1,0.444,0.6,1.7,0.376,1.6,3.4,0.478,0.507,2.1,2.1,0.792,0.5,2.3,2.8,3.1,0.7,0.4,1.1,2,7.3,726672
Toney Douglas,PG,30,MEM,24,0,16.4,1.8,4.9,0.368,0.3,1.8,0.167,1.5,3.1,0.48,0.397,1,1,0.828,0.5,2,2.5,2.3,0.8,0.2,0.9,2.1,4.9,379159
Goran Dragic,PG,30,MIA,73,73,33.7,7.3,15.4,0.475,1.6,4,0.405,5.7,11.4,0.499,0.527,4.1,4.1,0.79,0.8,3,3.8,5.8,1.2,0.2,2.9,2.7,20.3,15891725
Jared Dudley,PF,31,PHO,64,7,21.3,2.5,5.4,0.454,1.2,3.2,0.379,1.3,2.2,0.559,0.565,0.7,0.7,0.662,0.5,3,3.5,1.9,0.7,0.3,1.1,2.4,6.8,10470000
Kris Dunn,PG,22,MIN,78,7,17.1,1.5,4,0.377,0.3,0.9,0.288,1.2,3.1,0.404,0.411,0.5,0.5,0.61,0.3,1.8,2.1,2.4,1,0.5,1.1,2.3,3.8,3872520
Jarell Eddie,SF,25,PHO,5,0,12.4,1.2,3.8,0.316,0.8,3.2,0.25,0.4,0.6,0.667,0.421,1.6,1.6,0.889,0.2,1.2,1.4,0,0.2,0,0.2,0.2,4.8,57672
Henry Ellenson,PF,20,DET,19,2,7.7,1.2,3.4,0.359,0.5,1.8,0.286,0.7,1.5,0.448,0.438,0.2,0.2,0.5,0.4,1.7,2.2,0.4,0.1,0.1,0.7,0.3,3.2,1704120
Wayne Ellington,SG,29,MIA,62,13,24.2,3.7,9,0.416,2.4,6.4,0.378,1.3,2.6,0.509,0.55,0.6,0.6,0.86,0.3,1.8,2.1,1.1,0.6,0.1,0.5,1.1,10.5,6000000
Monta Ellis,SG,31,IND,74,33,27,3.3,7.5,0.443,0.6,1.8,0.319,2.8,5.7,0.483,0.482,1.3,1.3,0.727,0.3,2.5,2.8,3.2,1.1,0.4,1.8,2,8.5,10763500
Joel Embiid,C,22,PHI,31,31,25.4,6.5,13.8,0.466,1.2,3.2,0.367,5.3,10.7,0.495,0.508,6.2,6.2,0.783,2,5.9,7.8,2.1,0.9,2.5,3.8,3.6,20.2,4826160
Dante Exum,PG,21,UTA,66,26,18.6,2.3,5.5,0.427,0.7,2.3,0.295,1.7,3.2,0.519,0.488,0.9,0.9,0.795,0.5,1.5,2,1.7,0.3,0.2,1.2,2.2,6.2,3940320
Kenneth Faried,PF,27,DEN,61,34,21.2,3.7,6.8,0.548,0,0.1,0,3.7,6.7,0.556,0.548,2.1,2.1,0.693,3,4.6,7.6,0.9,0.7,0.7,1,2,9.6,12078652
Derrick Favors,PF,25,UTA,50,39,23.7,4.1,8.3,0.487,0.1,0.2,0.3,4,8.1,0.491,0.49,1.3,1.3,0.615,1.8,4.3,6.1,1.1,0.9,0.8,1.2,2.1,9.5,11050000
Evan Fournier,SG,24,ORL,68,66,32.9,6,13.7,0.439,1.9,5.3,0.356,4.1,8.4,0.491,0.508,3.3,3.3,0.805,0.6,2.4,3.1,3,1,0.1,2.1,2.6,17.2,17000000
Randy Foye,SG,33,BRK,69,40,18.6,1.7,4.7,0.363,1,2.9,0.33,0.7,1.8,0.418,0.466,0.8,0.8,0.857,0.1,2.1,2.2,2,0.5,0.1,1.2,1.4,5.2,2500000
Tim Frazier,PG,26,NOP,65,35,23.5,2.5,6.2,0.403,0.6,2,0.313,1.9,4.2,0.446,0.453,1.5,1.5,0.76,0.5,2.1,2.7,5.2,0.9,0.1,1.6,2,7.1,2090000
Channing Frye,C,33,CLE,74,15,18.9,3.2,7,0.458,1.9,4.5,0.409,1.4,2.5,0.546,0.589,0.9,0.9,0.851,0.5,3.4,3.9,0.6,0.4,0.5,0.7,1.9,9.1,7806971
Danilo Gallinari,SF,28,DEN,63,63,33.9,5.3,11.9,0.447,2,5.1,0.389,3.3,6.8,0.491,0.531,5.5,5.5,0.902,0.6,4.5,5.2,2.1,0.6,0.2,1.3,1.5,18.2,15050000
Patricio Garino,SG,23,ORL,5,0,8.6,0,1.4,0,0,1,0,0,0.4,0,0,0,0,0,0.2,1.2,1.4,0,0,0,0.6,0.8,0,31969
Marc Gasol,C,32,MEM,74,74,34.2,7.2,15.7,0.459,1.4,3.6,0.388,5.8,12.1,0.48,0.503,3.8,3.8,0.837,0.8,5.5,6.3,4.6,0.9,1.3,2.2,2.3,19.5,21165675
Pau Gasol,C,36,SAS,64,39,25.4,4.7,9.4,0.502,0.9,1.6,0.538,3.9,7.8,0.494,0.548,2,2,0.707,1.7,6.2,7.8,2.3,0.4,1.1,1.3,1.7,12.4,15500000
Rudy Gay,SF,30,SAC,30,30,33.8,6.7,14.7,0.455,1.4,3.8,0.372,5.3,11,0.483,0.502,3.9,3.9,0.855,1.2,5.2,6.3,2.8,1.5,0.9,2.5,2.6,18.7,13333333
Alonzo Gee,SF,29,DEN,13,0,6.8,0.2,1.1,0.214,0,0.2,0,0.2,0.8,0.273,0.214,0.4,0.4,0.556,0.3,0.8,1.2,0.5,0.4,0.1,0.3,1.1,0.8,57672
Paul George,SF,26,IND,75,75,35.9,8.3,18,0.461,2.6,6.6,0.393,5.7,11.4,0.501,0.534,4.5,4.5,0.898,0.8,5.8,6.6,3.3,1.6,0.4,2.9,2.7,23.7,18314532
Marcus Georges-Hunt,SG,22,ORL,5,0,9.6,0.4,1.4,0.286,0.2,0.4,0.5,0.2,1,0.2,0.357,1.8,1.8,0.9,0.2,1.6,1.8,0.6,0.2,0,0.4,1,2.8,31969
Jonathan Gibson,PG,29,DAL,17,0,13.6,2.1,5.6,0.368,0.9,2.6,0.333,1.2,2.9,0.4,0.447,1.2,1.2,0.724,0.1,1.2,1.3,1.5,0.5,0,1.2,1.2,6.2,469943
Manu Ginobili,SG,39,SAS,69,0,18.7,2.5,6.4,0.39,1.3,3.3,0.392,1.2,3.1,0.387,0.491,1.2,1.2,0.804,0.4,1.9,2.3,2.7,1.2,0.2,1.4,1.7,7.5,14000000
Rudy Gobert,C,24,UTA,81,81,33.9,5.1,7.7,0.661,0,0,0,5.1,7.7,0.662,0.661,3.8,3.8,0.653,3.9,8.9,12.8,1.2,0.6,2.6,1.8,3,14,2121288
Aaron Gordon,SF,21,ORL,80,72,28.7,4.9,10.8,0.454,1,3.3,0.288,4,7.5,0.528,0.499,2,2,0.719,1.5,3.6,5.1,1.9,0.8,0.5,1.1,2.2,12.7,4351320
Eric Gordon,SG,28,HOU,75,15,31,5.5,13.5,0.406,3.3,8.8,0.372,2.2,4.7,0.468,0.527,2,2,0.84,0.4,2.3,2.7,2.5,0.6,0.5,1.6,2,16.2,12385364
Marcin Gortat,C,32,WAS,82,82,31.2,4.8,8.2,0.579,0,0,0,4.8,8.2,0.58,0.579,1.3,1.3,0.648,2.9,7.5,10.4,1.5,0.5,0.7,1.5,2.6,10.8,12000000
Treveon Graham,SG,23,CHO,27,1,7,0.7,1.5,0.475,0.3,0.6,0.6,0.4,0.9,0.4,0.588,0.4,0.4,0.667,0.2,0.6,0.8,0.2,0.2,0,0.1,0.7,2.1,543471
Jerian Grant,PG,24,CHI,63,28,16.3,2,4.8,0.425,0.8,2.1,0.366,1.3,2.7,0.473,0.507,1,1,0.89,0.3,1.5,1.8,1.9,0.7,0.1,0.7,1.5,5.9,1643040
Danny Green,SG,29,SAS,68,68,26.6,2.6,6.6,0.392,1.7,4.6,0.379,0.9,2,0.42,0.523,0.4,0.4,0.844,0.5,2.8,3.3,1.8,1,0.8,1.1,1.8,7.3,10000000
Draymond Green,PF,26,GSW,76,76,32.5,3.6,8.6,0.418,1.1,3.5,0.308,2.5,5.1,0.494,0.481,2,2,0.709,1.3,6.6,7.9,7,2,1.4,2.4,2.9,10.2,15330435
JaMychal Green,PF,26,MEM,77,75,27.3,3.2,6.5,0.5,0.7,1.9,0.379,2.5,4.6,0.549,0.555,1.7,1.7,0.802,2.2,4.9,7.1,1.1,0.6,0.4,1.2,3.2,8.9,980431
Jeff Green,PF,30,ORL,69,11,22.2,3.2,8.1,0.394,0.8,2.8,0.275,2.4,5.3,0.458,0.442,2.1,2.1,0.863,0.6,2.5,3.1,1.2,0.5,0.2,1.1,1.5,9.2,15000000
Blake Griffin,PF,27,LAC,61,61,34,7.9,15.9,0.493,0.6,1.9,0.336,7.2,14.1,0.514,0.513,5.2,5.2,0.76,1.8,6.3,8.1,4.9,0.9,0.4,2.3,2.6,21.6,20140839
Justin Hamilton,C,26,BRK,64,7,18.4,2.7,5.9,0.459,0.9,2.8,0.306,1.9,3.1,0.598,0.532,0.6,0.6,0.75,1.1,3,4.1,0.9,0.5,0.7,0.7,1.4,6.9,3000000
Maurice Harkless,SF,23,POR,77,69,28.9,4.1,8.1,0.503,0.9,2.5,0.351,3.2,5.6,0.572,0.558,1,1,0.621,1.6,2.8,4.4,1.1,1.1,0.9,1.1,2.8,10,8988765
Justin Harper,PF,27,PHI,3,0,10.3,1.7,4,0.417,0.7,2.3,0.286,1,1.7,0.6,0.5,0,0,0,0.7,1,1.7,0.7,0,0,1.3,0.7,4,57672
Montrezl Harrell,C,23,HOU,58,14,18.3,3.9,5.9,0.652,0,0.1,0.143,3.9,5.8,0.663,0.654,1.3,1.3,0.628,1.4,2.4,3.8,1.1,0.3,0.7,0.8,2.2,9.1,1045000
Devin Harris,PG,33,DAL,65,0,16.7,2.1,5.2,0.399,0.9,2.7,0.328,1.2,2.5,0.476,0.484,1.6,1.6,0.829,0.2,1.8,2,2.1,0.7,0.1,0.9,1.6,6.7,4227996
Gary Harris,SG,22,DEN,57,56,31.3,5.6,11.2,0.502,1.9,4.5,0.42,3.7,6.7,0.558,0.586,1.8,1.8,0.776,0.8,2.3,3.1,2.9,1.2,0.1,1.3,1.6,14.9,1655880
Tobias Harris,PF,24,DET,82,48,31.3,6.2,13,0.481,1.3,3.8,0.347,4.9,9.1,0.537,0.532,2.3,2.3,0.841,0.8,4.3,5.1,1.7,0.7,0.5,1.2,1.6,16.1,17200000
Aaron Harrison,SG,22,CHO,5,0,3.4,0,0.8,0,0,0.4,0,0,0.4,0,0,0.2,0.2,0.5,0,0.6,0.6,0.6,0,0,0,0.4,0.2,874636
Andrew Harrison,PG,22,MEM,72,18,20.5,1.6,5,0.325,0.6,2.2,0.276,1,2.8,0.363,0.385,2.1,2.1,0.763,0.3,1.6,1.9,2.8,0.7,0.3,1.2,2.7,5.9,945000
Udonis Haslem,C,36,MIA,16,0,8.1,0.7,1.4,0.478,0,0.2,0,0.7,1.3,0.55,0.478,0.6,0.6,0.6,0.5,1.8,2.3,0.4,0.4,0.1,0.5,1.4,1.9,4000000
Gordon Hayward,SF,26,UTA,73,73,34.5,7.5,15.8,0.471,2,5.1,0.398,5.4,10.7,0.506,0.536,5,5,0.844,0.7,4.7,5.4,3.5,1,0.3,1.9,1.6,21.9,16073140
Gerald Henderson,SG,29,PHI,72,41,23.2,3.3,7.7,0.423,0.8,2.4,0.353,2.4,5.3,0.455,0.478,1.8,1.8,0.806,0.5,2.1,2.6,1.6,0.6,0.2,0.9,1.8,9.2,9000000
John Henson,C,26,MIL,58,39,19.4,2.7,5.3,0.515,0,0,0,2.7,5.3,0.516,0.515,1.3,1.3,0.692,1.6,3.5,5.1,1,0.5,1.3,0.9,2.6,6.8,12517606
Juan Hernangomez,PF,21,DEN,62,9,13.6,1.6,3.6,0.451,0.7,1.8,0.407,0.9,1.8,0.495,0.554,0.9,0.9,0.75,0.7,2.3,3,0.5,0.5,0.2,0.5,1,4.9,1987440
Willy Hernangomez,C,22,NYK,72,22,18.4,3.4,6.5,0.529,0.1,0.2,0.267,3.4,6.3,0.538,0.533,1.3,1.3,0.728,2.4,4.6,7,1.3,0.6,0.5,1.4,2.1,8.2,1350000
Mario Hezonja,SF,21,ORL,65,2,14.8,1.8,5.1,0.355,0.7,2.2,0.299,1.1,2.9,0.398,0.42,0.6,0.6,0.8,0.3,1.9,2.2,1,0.5,0.2,0.9,1.1,4.9,3909840
Nene Hilario,C,34,HOU,67,8,17.9,3.7,5.9,0.617,0,0.1,0.333,3.6,5.8,0.624,0.621,1.7,1.7,0.589,1.4,2.8,4.2,1,0.8,0.6,1.1,2.4,9.1,2898000
George Hill,PG,30,UTA,49,49,31.5,5.9,12.4,0.477,1.9,4.8,0.403,4,7.6,0.523,0.554,3.2,3.2,0.801,0.5,2.9,3.4,4.2,1,0.2,1.7,2.3,16.9,8000000
Jordan Hill,C,29,MIN,7,0,6.7,0.7,1.9,0.385,0,0,0,0.7,1.9,0.385,0.385,0.3,0.3,1,1.1,0.9,2,0,0.1,0,0.6,1.3,1.7,4000000
Solomon Hill,SF,25,NOP,80,71,29.7,2.3,6,0.383,1.2,3.4,0.348,1.1,2.6,0.428,0.481,1.3,1.3,0.805,0.6,3.2,3.8,1.8,0.9,0.4,1,2.3,7,11241218
Jrue Holiday,PG,26,NOP,67,61,32.7,6,13.3,0.454,1.5,4.2,0.356,4.6,9.1,0.498,0.51,1.8,1.8,0.708,0.7,3.3,3.9,7.3,1.5,0.7,2.9,2,15.4,11286518
Justin Holiday,SG,27,NYK,82,4,20,2.8,6.6,0.433,1.2,3.3,0.355,1.7,3.2,0.513,0.523,0.8,0.8,0.825,0.3,2.4,2.7,1.2,0.8,0.4,0.8,1.3,7.7,1015696
Rondae Hollis-Jefferson,SF,22,BRK,78,50,22.6,3,6.9,0.434,0.2,0.9,0.224,2.8,6.1,0.463,0.447,2.4,2.4,0.751,1.2,4.6,5.8,2,1.1,0.6,1.5,2.3,8.7,1395600
Richaun Holmes,C,23,PHI,57,17,20.9,4,7.2,0.558,0.5,1.4,0.351,3.6,5.9,0.606,0.591,1.3,1.3,0.699,1.6,3.8,5.5,1,0.7,1,1,2.4,9.8,1025831
Rodney Hood,SG,24,UTA,59,55,27,4.6,11.3,0.408,1.9,5.2,0.371,2.7,6.1,0.44,0.494,1.5,1.5,0.783,0.3,3.2,3.4,1.6,0.6,0.2,1.1,2.2,12.7,1406520
Al Horford,C,30,BOS,68,68,32.3,5.6,11.8,0.473,1.3,3.6,0.355,4.3,8.2,0.524,0.527,1.6,1.6,0.8,1.4,5.4,6.8,5,0.8,1.3,1.7,2,14,26540100
Dwight Howard,C,31,ATL,74,74,29.7,5.2,8.3,0.633,0,0,0,5.2,8.3,0.635,0.633,3.1,3.1,0.533,4,8.7,12.7,1.4,0.9,1.2,2.3,2.7,13.5,23180275
Marcelo Huertas,PG,33,LAL,23,1,10.3,1.1,3,0.368,0.2,0.8,0.211,0.9,2.1,0.429,0.397,0.4,0.4,0.529,0.1,1,1,2.3,0.4,0.1,0.8,0.7,2.7,1500000
Josh Huestis,PF,25,OKC,2,0,15.5,3,5.5,0.545,1,2,0.5,2,3.5,0.571,0.636,0,0,0,2,2.5,4.5,1.5,0,1.5,0,0,7,1191480
R.J. Hunter,SG,23,CHI,3,0,3,0,0.3,0,0,0.3,0,0,0,0,0,0,0,0,0,0.3,0.3,0,0,0,0,0,0,864346
Andre Iguodala,SF,33,GSW,76,0,26.3,2.9,5.5,0.528,0.8,2.3,0.362,2,3.1,0.651,0.605,0.9,0.9,0.706,0.7,3.3,4,3.4,1,0.5,0.8,1.3,7.6,11131368
Joe Ingles,SF,29,UTA,82,26,24,2.5,5.5,0.452,1.5,3.4,0.441,1,2.1,0.471,0.589,0.6,0.6,0.735,0.3,2.9,3.2,2.7,1.2,0.1,1.3,2,7.1,2150000
Brandon Ingram,SF,19,LAL,79,40,28.8,3.5,8.7,0.402,0.7,2.4,0.294,2.8,6.3,0.443,0.442,1.7,1.7,0.621,0.8,3.2,4,2.1,0.6,0.5,1.5,2,9.4,5281680
Kyrie Irving,PG,24,CLE,72,72,35.1,9.3,19.7,0.473,2.5,6.1,0.401,6.9,13.6,0.505,0.535,4.1,4.1,0.905,0.7,2.5,3.2,5.8,1.2,0.3,2.5,2.2,25.2,17638063
Demetrius Jackson,PG,22,BOS,5,0,3.4,0.6,0.8,0.75,0.2,0.2,1,0.4,0.6,0.667,0.875,0.6,0.6,0.5,0.4,0.4,0.8,0.6,0,0,0,0,2,1450000
Pierre Jackson,PG,25,DAL,8,1,10.5,1.6,4.9,0.333,0.4,1.4,0.273,1.3,3.5,0.357,0.372,0.8,0.8,0.857,0.1,1,1.1,2.4,0.3,0,0.4,0.6,4.4,31969
Reggie Jackson,PG,26,DET,52,50,27.4,5.5,13,0.419,1.3,3.5,0.359,4.2,9.5,0.442,0.468,2.3,2.3,0.868,0.4,1.8,2.2,5.2,0.7,0.1,2.2,2.5,14.5,14956522
LeBron James,SF,32,CLE,74,74,37.8,9.9,18.2,0.548,1.7,4.6,0.363,8.3,13.5,0.611,0.594,4.8,4.8,0.674,1.3,7.3,8.6,8.7,1.2,0.6,4.1,1.8,26.4,30963450
Al Jefferson,C,32,IND,66,1,14.1,3.6,7.1,0.499,0,0,0,3.6,7.1,0.5,0.499,1,1,0.765,1.1,3.1,4.2,0.9,0.3,0.2,0.5,1.9,8.1,10314532
Richard Jefferson,SF,36,CLE,79,13,20.4,1.9,4.3,0.446,0.8,2.4,0.333,1.2,2,0.58,0.536,1,1,0.741,0.4,2.2,2.6,1,0.3,0.1,0.7,1.9,5.7,2500000
John Jenkins,SG,25,PHO,4,0,3.3,0.5,1.3,0.4,0.3,0.5,0.5,0.3,0.8,0.333,0.5,0.5,0.5,1,0,0.3,0.3,0.3,0,0,0,0,1.8,1050961
Jonas Jerebko,PF,29,BOS,78,6,15.8,1.5,3.4,0.435,0.6,1.7,0.346,0.9,1.7,0.523,0.521,0.3,0.3,0.703,0.8,2.7,3.5,0.9,0.3,0.2,0.5,1.6,3.8,5000000
Amir Johnson,PF,29,BOS,80,77,20.1,2.7,4.6,0.576,0.3,0.8,0.409,2.3,3.8,0.612,0.612,0.8,0.8,0.67,1.5,3.1,4.6,1.8,0.6,0.8,1,2.6,6.5,12000000
Brice Johnson,PF,22,LAC,3,0,3,0.7,2.3,0.286,0,0,0,0.7,2.3,0.286,0.286,0,0,0,0.3,0.7,1,0.3,0.7,0.3,0.3,0,1.3,1273920
James Johnson,PF,29,MIA,76,5,27.4,4.8,10.1,0.479,1.1,3.4,0.34,3.7,6.8,0.548,0.535,2,2,0.707,0.9,4.1,4.9,3.6,1,1.1,2.3,2.6,12.8,4000000
Joe Johnson,SF,35,UTA,78,14,23.6,3.5,8,0.436,1.4,3.3,0.411,2.1,4.7,0.454,0.521,0.8,0.8,0.818,0.4,2.7,3.1,1.8,0.5,0.2,0.9,1.2,9.2,11000000
Stanley Johnson,SF,20,DET,77,1,17.8,1.7,4.7,0.353,0.6,2,0.292,1.1,2.7,0.398,0.415,0.5,0.5,0.679,0.5,2,2.5,1.4,0.7,0.3,0.9,1.6,4.4,2969880
Tyler Johnson,PG,24,MIA,73,0,29.8,4.9,11.3,0.433,1.3,3.4,0.372,3.6,7.9,0.46,0.49,2.7,2.7,0.768,0.7,3.3,4,3.2,1.2,0.6,1.2,2.4,13.7,5628000
Wesley Johnson,SF,29,LAC,68,3,11.9,1.1,2.9,0.365,0.4,1.7,0.246,0.6,1.2,0.537,0.438,0.2,0.2,0.647,0.4,2.3,2.7,0.3,0.4,0.4,0.3,1.2,2.7,5628000
Nikola Jokic,C,21,DEN,73,59,27.9,6.8,11.7,0.578,0.6,1.9,0.324,6.2,9.8,0.628,0.605,2.6,2.6,0.825,2.9,6.9,9.8,4.9,0.8,0.8,2.3,2.9,16.7,1358500
Dahntay Jones,SF,36,CLE,1,0,12,3,8,0.375,0,2,0,3,6,0.5,0.375,3,3,0.75,1,1,2,1,0,0,1,1,9,5767
Damian Jones,C,21,GSW,10,0,8.5,0.8,1.6,0.5,0,0,0,0.8,1.6,0.5,0.5,0.3,0.3,0.3,0.9,1.4,2.3,0,0.1,0.4,0.6,1.5,1.9,1171560
Tyus Jones,PG,20,MIN,60,0,12.9,1.3,3,0.414,0.4,1.2,0.356,0.8,1.8,0.454,0.486,0.6,0.6,0.767,0.2,1,1.1,2.6,0.8,0.1,0.6,0.8,3.5,1339680
Cory Joseph,PG,25,TOR,80,22,25,3.7,8.3,0.452,0.6,1.7,0.356,3.1,6.6,0.477,0.489,1.2,1.2,0.77,0.6,2.3,2.9,3.3,0.8,0.2,1.4,1.8,9.3,7315000
Frank Kaminsky,C,23,CHO,75,16,26.1,4.3,10.7,0.399,1.5,4.7,0.328,2.7,6,0.455,0.471,1.6,1.6,0.756,0.8,3.7,4.5,2.2,0.6,0.5,1,1.9,11.7,2730000
Ryan Kelly,PF,25,ATL,16,0,6.9,0.5,1.8,0.286,0.3,0.6,0.4,0.3,1.1,0.222,0.357,0.3,0.3,0.833,0.1,1.1,1.1,0.5,0.3,0.3,0.3,0.3,1.6,286785
Michael Kidd-Gilchrist,SF,23,CHO,81,81,29,3.6,7.6,0.477,0,0.1,0.111,3.6,7.5,0.483,0.478,1.9,1.9,0.784,1.9,5,7,1.4,1,1,0.7,2.3,9.2,13000000
Brandon Knight,SG,25,PHO,54,5,21.1,3.9,9.7,0.398,0.8,2.6,0.324,3,7.1,0.425,0.441,2.4,2.4,0.857,0.5,1.7,2.2,2.4,0.5,0.1,1.6,1.6,11,12606250
Kosta Koufos,C,27,SAC,71,62,20,3,5.5,0.551,0,0,0,3,5.5,0.552,0.551,0.5,0.5,0.613,1.7,4,5.7,0.7,0.5,0.7,0.9,2.4,6.6,8046500
Skal Labissiere,PF,20,SAC,33,12,18.5,3.5,6.6,0.537,0.1,0.2,0.375,3.5,6.4,0.543,0.544,1.6,1.6,0.703,1.5,3.4,4.9,0.8,0.5,0.4,1.1,1.9,8.8,1188840
Jeremy Lamb,SG,24,CHO,62,5,18.4,3.6,7.9,0.46,0.7,2.4,0.281,3,5.6,0.536,0.502,1.8,1.8,0.853,0.5,3.8,4.3,1.2,0.4,0.4,0.6,1.6,9.7,6511628
Zach LaVine,SG,21,MIN,47,47,37.2,6.9,15.1,0.459,2.6,6.6,0.387,4.4,8.5,0.515,0.544,2.5,2.5,0.836,0.4,3,3.4,3,0.9,0.2,1.8,2.2,18.9,2240880
Jake Layman,SF,22,POR,35,1,7.1,0.7,2.5,0.292,0.4,1.5,0.255,0.4,1.1,0.342,0.365,0.4,0.4,0.765,0.2,0.5,0.7,0.3,0.3,0.1,0.3,0.6,2.2,600000
Courtney Lee,SG,31,NYK,77,74,31.9,4.2,9.1,0.456,1.4,3.5,0.401,2.8,5.6,0.49,0.533,1.1,1.1,0.867,0.7,2.7,3.4,2.3,1.1,0.3,0.9,1.8,10.8,11242000
David Lee,PF,33,SAS,79,10,18.7,3.1,5.3,0.59,0,0,0,3.1,5.3,0.59,0.59,1,1,0.708,1.9,3.7,5.6,1.6,0.4,0.5,1,1.6,7.3,1551659
Alex Len,C,23,PHO,77,34,20.3,3,6,0.497,0,0.2,0.25,2.9,5.9,0.503,0.5,1.9,1.9,0.721,2,4.6,6.6,0.6,0.5,1.3,1.3,3.1,8,4823621
Kawhi Leonard,SF,25,SAS,74,74,33.4,8.6,17.7,0.485,2,5.2,0.38,6.6,12.5,0.529,0.541,6.3,6.3,0.88,1.1,4.7,5.8,3.5,1.8,0.7,2.1,1.6,25.5,17638063
Meyers Leonard,PF,24,POR,74,12,16.5,2,5.1,0.386,1,2.9,0.347,1,2.2,0.436,0.484,0.5,0.5,0.875,0.4,2.8,3.2,1,0.2,0.4,0.5,2.3,5.4,9213483
Jon Leuer,PF,27,DET,75,34,25.9,4.1,8.6,0.48,0.7,2.2,0.293,3.5,6.4,0.545,0.518,1.3,1.3,0.867,1.4,4,5.4,1.5,0.4,0.3,0.9,1.9,10.2,10991957
Caris LeVert,SF,22,BRK,57,26,21.7,3,6.7,0.45,1,3.2,0.321,2,3.4,0.571,0.528,1.2,1.2,0.72,0.4,2.9,3.3,1.9,0.9,0.1,1,1.6,8.2,1562280
Damian Lillard,PG,26,POR,75,75,35.9,8.8,19.8,0.444,2.9,7.7,0.37,6,12.1,0.492,0.516,6.5,6.5,0.895,0.6,4.3,4.9,5.9,0.9,0.3,2.6,2,27,24328425
Jeremy Lin,PG,28,BRK,36,33,24.5,4.9,11.1,0.438,1.6,4.3,0.372,3.3,6.8,0.48,0.51,3.2,3.2,0.816,0.3,3.4,3.8,5.1,1.2,0.4,2.4,2.2,14.5,11483254
Shaun Livingston,PG,31,GSW,76,3,17.7,2.3,4.2,0.547,0,0,0.333,2.3,4.1,0.55,0.549,0.6,0.6,0.7,0.4,1.6,2,1.8,0.5,0.3,0.8,1.6,5.1,5782450
Shawn Long,C,24,PHI,18,0,13,3.4,6.1,0.56,0.4,1.1,0.368,3,5,0.6,0.592,1.1,1.1,0.543,2.3,2.4,4.7,0.7,0.5,0.5,0.7,2.7,8.2,89513
Kevon Looney,C,20,GSW,53,4,8.4,1.1,2,0.523,0,0.2,0.222,1,1.8,0.551,0.533,0.4,0.4,0.618,0.8,1.5,2.3,0.5,0.3,0.3,0.3,1.2,2.5,1182840
Brook Lopez,C,28,BRK,75,75,29.6,7.4,15.6,0.474,1.8,5.2,0.346,5.6,10.5,0.536,0.531,3.9,3.9,0.81,1.6,3.8,5.4,2.3,0.5,1.7,2.5,2.6,20.5,21165675
Robin Lopez,C,28,CHI,81,81,28,4.7,9.6,0.493,0,0,0,4.7,9.5,0.494,0.493,0.9,0.9,0.721,3,3.4,6.4,1,0.2,1.4,1.1,1.9,10.4,13219250
Kevin Love,PF,28,CLE,60,60,31.4,6.2,14.5,0.427,2.4,6.5,0.373,3.8,8,0.471,0.51,4.3,4.3,0.871,2.5,8.6,11.1,1.9,0.9,0.4,2,2.1,19,21165675
Timothe Luwawu-Cabarrot,SF,21,PHI,69,19,17.2,2.1,5.2,0.402,0.7,2.3,0.311,1.4,2.9,0.475,0.471,1.5,1.5,0.854,0.4,1.8,2.2,1.1,0.5,0.1,1.1,2.2,6.4,1326960
Trey Lyles,PF,21,UTA,71,4,16.3,2.2,6.2,0.362,0.9,2.9,0.319,1.3,3.3,0.4,0.436,0.8,0.8,0.722,0.7,2.6,3.3,1,0.4,0.3,0.9,1.4,6.2,2340600
Shelvin Mack,PG,26,UTA,55,9,21.9,3.1,6.9,0.446,0.7,2.2,0.308,2.4,4.7,0.51,0.495,1,1,0.688,0.4,1.9,2.3,2.8,0.8,0.1,1.6,1.8,7.8,2433334
Ian Mahinmi,C,30,WAS,31,0,17.9,2.1,3.6,0.586,0,0,0,2.1,3.6,0.586,0.586,1.4,1.4,0.573,1.5,3.3,4.8,0.6,1.1,0.8,1.1,2.9,5.6,15944154
Thon Maker,C,19,MIL,57,34,9.9,1.5,3.2,0.459,0.5,1.3,0.378,1,1.9,0.514,0.536,0.6,0.6,0.653,0.7,1.3,2,0.4,0.2,0.5,0.3,1.5,4,2568600
Boban Marjanovic,C,28,DET,35,0,8.4,2.1,3.8,0.545,0,0,0,2.1,3.8,0.545,0.545,1.3,1.3,0.81,1.3,2.4,3.7,0.3,0.2,0.3,0.3,0.7,5.5,7000000
Jarell Martin,PF,22,MEM,42,3,13.3,1.4,3.6,0.384,0.2,0.6,0.36,1.2,3,0.389,0.414,1,1,0.8,1,2.9,3.9,0.2,0.4,0.2,0.7,2.2,3.9,1286160
Wesley Matthews,SG,30,DAL,73,73,34.2,4.6,11.6,0.393,2.4,6.6,0.363,2.2,5,0.432,0.496,2,2,0.816,0.2,3.3,3.5,2.9,1.1,0.2,1.4,2.2,13.5,17145838
Luc Mbah a Moute,SF,30,LAC,80,76,22.3,2.4,4.7,0.505,0.5,1.4,0.391,1.9,3.4,0.552,0.562,0.7,0.7,0.678,0.6,1.6,2.1,0.5,1,0.4,0.6,1.5,6.1,2203000
James Michael McAdoo,PF,24,GSW,52,2,8.8,1.2,2.3,0.53,0,0.2,0.25,1.2,2.1,0.55,0.538,0.4,0.4,0.5,0.7,1.1,1.8,0.3,0.3,0.6,0.4,0.9,2.8,980431
JaVale McGee,C,29,GSW,77,10,9.6,2.7,4.1,0.652,0,0,0,2.7,4.1,0.658,0.652,0.7,0.7,0.505,1.3,1.9,3.2,0.2,0.2,0.9,0.5,1.4,6.1,1403611
Ben McLemore,SG,23,SAC,61,26,19.3,3,6.9,0.43,1.1,2.8,0.382,1.9,4.1,0.462,0.507,1.1,1.1,0.753,0.3,1.8,2.1,0.8,0.5,0.1,1,1.8,8.1,4008882
Josh McRoberts,PF,29,MIA,22,14,17.3,2,5.4,0.373,0.6,1.4,0.419,1.4,4,0.356,0.428,0.3,0.3,0.667,1,2.3,3.4,2.3,0.5,0.2,1,1.4,4.9,5782450
Jodie Meeks,SG,29,ORL,36,10,20.5,2.9,7.1,0.402,1.6,3.8,0.409,1.3,3.3,0.395,0.512,1.8,1.8,0.878,0.1,2,2.1,1.3,0.9,0.1,1,1.1,9.1,6540000
Jordan Mickey,PF,22,BOS,25,1,5.6,0.6,1.4,0.441,0,0,0,0.6,1.3,0.455,0.441,0.3,0.3,0.571,0.5,0.8,1.4,0.3,0.1,0.2,0.4,0.5,1.5,1223653
Khris Middleton,SF,25,MIL,29,23,30.7,5.2,11.5,0.45,1.6,3.6,0.433,3.6,7.9,0.459,0.518,2.8,2.8,0.88,0.4,3.9,4.2,3.4,1.4,0.2,2.2,2.7,14.7,15200000
Mike Miller,SF,36,DEN,20,0,7.6,0.5,1.2,0.391,0.4,1,0.4,0.1,0.2,0.333,0.565,0.1,0.1,1,0.1,1.8,1.9,1.1,0.1,0,0.7,0.5,1.4,3500000
Patty Mills,PG,28,SAS,80,8,21.9,3.4,7.8,0.44,1.8,4.4,0.414,1.6,3.3,0.474,0.558,0.8,0.8,0.825,0.3,1.5,1.8,3.5,0.8,0,1.3,1.4,9.5,3578948
Elijah Millsap,SG,29,PHO,2,0,11.5,0.5,3.5,0.143,0,1,0,0.5,2.5,0.2,0.143,0.5,0.5,0.5,1.5,1.5,3,0.5,0,0,1,1,1.5,23069
Paul Millsap,PF,31,ATL,69,67,34,6.2,14.1,0.442,1.1,3.5,0.311,5.1,10.6,0.486,0.481,4.5,4.5,0.768,1.6,6.1,7.7,3.7,1.3,0.9,2.3,2.7,18.1,20072033
Nikola Mirotic,PF,25,CHI,70,15,24,3.7,8.9,0.413,1.8,5.4,0.342,1.8,3.5,0.52,0.516,1.4,1.4,0.773,0.9,4.6,5.5,1.1,0.8,0.8,1.1,1.8,10.6,5782450
Greg Monroe,C,26,MIL,81,0,22.5,4.8,9,0.533,0,0,0,4.8,8.9,0.536,0.533,2.2,2.2,0.741,2.1,4.5,6.6,2.3,1.1,0.5,1.7,2.1,11.7,17145838
E'Twaun Moore,SG,27,NOP,73,22,24.9,3.9,8.5,0.457,1.1,2.8,0.37,2.8,5.6,0.501,0.519,0.8,0.8,0.77,0.5,1.6,2.1,2.2,0.7,0.4,0.8,1.8,9.6,8081363
Marcus Morris,SF,27,DET,79,79,32.5,5.3,12.7,0.418,1.5,4.5,0.331,3.8,8.2,0.466,0.477,1.8,1.8,0.784,1,3.7,4.6,2,0.7,0.3,1.1,2.1,14,4625000
Markieff Morris,PF,27,WAS,76,76,31.2,5.3,11.7,0.457,0.9,2.6,0.362,4.4,9.1,0.483,0.497,2.4,2.4,0.837,1.4,5.1,6.5,1.7,1.1,0.6,1.7,3.3,14,7400000
Donatas Motiejunas,PF,26,NOP,34,0,14.1,1.7,4.1,0.413,0.3,1.4,0.234,1.4,2.7,0.505,0.453,0.7,0.7,0.51,0.8,2.2,3,0.9,0.5,0.3,0.9,1.6,4.4,576724
Timofey Mozgov,C,30,LAL,54,52,20.4,3.1,6.1,0.515,0,0,0,3.1,6.1,0.517,0.515,1.2,1.2,0.808,1.9,3,4.9,0.8,0.3,0.6,1.3,2.5,7.4,16000000
Emmanuel Mudiay,PG,20,DEN,55,41,25.6,3.8,10,0.377,1,3.2,0.315,2.8,6.8,0.408,0.428,2.4,2.4,0.784,0.5,2.7,3.2,3.9,0.7,0.2,2.2,1.7,11,3241800
Shabazz Muhammad,SF,24,MIN,78,1,19.4,3.7,7.7,0.482,0.6,1.9,0.338,3.1,5.8,0.528,0.523,1.9,1.9,0.774,1.1,1.7,2.8,0.4,0.3,0.1,0.7,1.1,9.9,3046299
Dejounte Murray,PG,20,SAS,38,8,8.5,1.3,3.1,0.431,0.2,0.6,0.391,1.1,2.4,0.441,0.47,0.6,0.6,0.7,0.2,0.9,1.1,1.3,0.2,0.2,1,0.8,3.4,1180080
Jamal Murray,SG,19,DEN,82,10,21.5,3.6,8.9,0.404,1.4,4.2,0.334,2.2,4.7,0.466,0.483,1.3,1.3,0.883,0.5,2.1,2.6,2.1,0.6,0.3,1.4,1.5,9.9,3210840
Mike Muscala,C,25,ATL,70,3,17.7,2.4,4.8,0.504,0.7,1.6,0.418,1.8,3.2,0.546,0.573,0.7,0.7,0.766,1.1,2.3,3.4,1.4,0.4,0.6,0.8,1.4,6.2,1015696
Shabazz Napier,PG,25,POR,53,2,9.7,1.4,3.5,0.399,0.6,1.7,0.37,0.7,1.7,0.429,0.492,0.7,0.7,0.776,0.2,1,1.2,1.3,0.6,0,0.8,0.7,4.1,1350120
Jameer Nelson,PG,34,DEN,75,39,27.3,3.6,8.1,0.444,1.4,3.6,0.388,2.2,4.4,0.489,0.531,0.6,0.6,0.714,0.4,2.2,2.6,5.1,0.7,0.1,1.7,2.6,9.2,4540525
Raul Neto,PG,24,UTA,40,0,8.7,1,2.3,0.451,0.3,0.8,0.323,0.8,1.5,0.517,0.505,0.2,0.2,0.889,0.1,0.7,0.8,0.9,0.5,0.1,0.4,1.2,2.5,937800
Georges Niang,PF,23,IND,23,0,4,0.4,1.6,0.25,0,0.5,0.083,0.3,1,0.333,0.264,0.1,0.1,1,0.1,0.7,0.7,0.2,0.1,0,0.2,0.3,0.9,650000
Joakim Noah,C,31,NYK,46,46,22.1,2.2,4.4,0.49,0,0,0,2.2,4.4,0.493,0.49,0.7,0.7,0.436,3.5,5.2,8.8,2.2,0.7,0.8,1.3,2.8,5,17000000
Lucas Nogueira,C,24,TOR,57,6,19.1,1.8,2.7,0.66,0.1,0.2,0.25,1.8,2.5,0.694,0.67,0.8,0.8,0.657,1.4,2.8,4.3,0.7,0.9,1.6,0.8,2.4,4.4,1921320
Dirk Nowitzki,PF,38,DAL,54,54,26.4,5.5,12.6,0.437,1.5,3.9,0.378,4,8.7,0.463,0.495,1.8,1.8,0.875,0.4,6.1,6.5,1.5,0.6,0.7,0.9,2.1,14.2,25000000
David Nwaba,SG,24,LAL,20,2,19.9,2.4,4.1,0.58,0.1,0.3,0.2,2.3,3.8,0.605,0.586,1.3,1.3,0.641,0.9,2.3,3.2,0.7,0.7,0.4,0.6,1.8,6,73528
Kyle O'Quinn,C,26,NYK,79,8,15.6,2.7,5.2,0.521,0,0.2,0.118,2.7,5,0.538,0.523,0.8,0.8,0.771,2,3.6,5.6,1.5,0.5,1.3,1,2.2,6.3,3918750
Jahlil Okafor,C,21,PHI,50,33,22.7,4.8,9.4,0.514,0,0,0,4.8,9.4,0.514,0.514,2.1,2.1,0.671,1.6,3.2,4.8,1.2,0.4,1,1.8,2.4,11.8,4788840
Victor Oladipo,SG,24,OKC,67,67,33.2,6.1,13.9,0.442,1.9,5.3,0.361,4.3,8.7,0.491,0.51,1.7,1.7,0.753,0.6,3.8,4.3,2.6,1.2,0.3,1.8,2.3,15.9,6552961
Kelly Olynyk,C,25,BOS,75,6,20.5,3.5,6.8,0.512,0.9,2.6,0.354,2.6,4.2,0.608,0.579,1.2,1.2,0.732,1,3.8,4.8,2,0.6,0.4,1.3,2.8,9,3094014
Georgios Papagiannis,C,19,SAC,22,0,16.1,2.5,4.6,0.549,0,0.1,0,2.5,4.5,0.56,0.549,0.5,0.5,0.857,1.1,2.8,3.9,0.9,0.1,0.8,1.1,2,5.6,2202240
Jabari Parker,PF,21,MIL,51,50,33.9,7.8,16,0.49,1.3,3.5,0.365,6.5,12.5,0.525,0.53,3.2,3.2,0.743,1.5,4.6,6.2,2.8,1,0.4,1.8,2.2,20.1,5374320
Tony Parker,PG,34,SAS,63,63,25.2,4.2,9,0.466,0.4,1.1,0.333,3.8,7.9,0.484,0.486,1.3,1.3,0.726,0.1,1.7,1.8,4.5,0.5,0,1.4,1.5,10.1,14445313
Chandler Parsons,SF,28,MEM,34,34,19.9,2.2,6.5,0.338,0.7,2.7,0.269,1.5,3.8,0.388,0.394,1,1,0.814,0.2,2.3,2.5,1.6,0.6,0.1,0.7,1.5,6.2,22116750
Lamar Patterson,SG,25,ATL,5,0,8,0.6,3,0.2,0.2,1.2,0.167,0.4,1.8,0.222,0.233,0.4,0.4,0.667,0.2,1.2,1.4,1.2,0.2,0,0.8,1.2,1.8,246956
Patrick Patterson,PF,27,TOR,65,8,24.6,2.4,5.9,0.401,1.4,3.9,0.372,0.9,2,0.458,0.523,0.7,0.7,0.717,1,3.6,4.5,1.2,0.6,0.4,0.6,1.8,6.8,6050000
Chris Paul,PG,31,LAC,61,61,31.5,6.1,12.9,0.476,2,5,0.411,4.1,7.9,0.518,0.555,3.8,3.8,0.892,0.7,4.3,5,9.2,2,0.1,2.4,2.4,18.1,22868827
Adreian Payne,PF,25,MIN,18,0,7.5,1.3,3,0.426,0.2,0.8,0.2,1.1,2.2,0.513,0.454,0.8,0.8,0.737,0.5,1.3,1.8,0.4,0.4,0.4,0.4,1.8,3.5,2022240
Elfrid Payton,PG,22,ORL,82,58,29.4,5.2,11.1,0.471,0.5,1.8,0.274,4.8,9.3,0.509,0.493,1.8,1.8,0.692,1.1,3.6,4.7,6.5,1.1,0.5,2.2,2.2,12.8,2613600
Paul Pierce,SF,39,LAC,25,7,11.1,1.1,2.8,0.4,0.6,1.7,0.349,0.5,1.1,0.481,0.507,0.4,0.4,0.769,0,1.9,1.9,0.4,0.2,0.2,0.6,1.6,3.2,3527920
Jakob Poeltl,C,21,TOR,54,4,11.6,1.2,2.1,0.583,0,0,0,1.2,2.1,0.583,0.583,0.6,0.6,0.544,1.4,1.6,3.1,0.2,0.3,0.4,0.5,2.1,3.1,2703960
Bobby Portis,PF,21,CHI,64,13,15.6,2.9,5.9,0.488,0.5,1.5,0.333,2.4,4.4,0.541,0.531,0.6,0.6,0.661,1.2,3.5,4.6,0.5,0.3,0.2,0.6,1.5,6.8,1453680
Kristaps Porzingis,PF,21,NYK,66,65,32.8,6.7,14.9,0.45,1.7,4.8,0.357,5,10.2,0.493,0.507,3,3,0.786,1.7,5.5,7.2,1.5,0.7,2,1.8,3.7,18.1,4317720
Dwight Powell,C,25,DAL,77,3,17.3,2.5,4.9,0.515,0.3,1,0.284,2.2,3.9,0.571,0.542,1.4,1.4,0.759,1.2,2.8,4,0.6,0.8,0.5,0.4,1.8,6.7,8375000
Norman Powell,SG,23,TOR,76,18,18,3,6.7,0.449,0.7,2.3,0.324,2.3,4.4,0.514,0.504,1.7,1.7,0.792,0.3,1.9,2.2,1.1,0.7,0.2,0.9,1.7,8.4,874636
Alex Poythress,PF,23,PHI,6,1,26.2,4.2,9,0.463,1,3.2,0.316,3.2,5.8,0.543,0.519,1.3,1.3,0.8,1.8,3,4.8,0.8,0.5,0.3,0.5,2.3,10.7,35166
Ronnie Price,PG,33,PHO,14,0,9.6,0.3,1.7,0.167,0.2,1.2,0.176,0.1,0.5,0.143,0.229,0.2,0.2,0.75,0.2,0.6,0.8,1.3,0.8,0.1,0.2,1,1,276828
Julius Randle,PF,22,LAL,74,73,28.8,5.1,10.4,0.488,0.2,0.9,0.27,4.9,9.6,0.507,0.499,2.8,2.8,0.723,2,6.6,8.6,3.6,0.7,0.5,2.3,3.4,13.2,3267120
Zach Randolph,PF,35,MEM,73,5,24.5,5.9,13.2,0.449,0.3,1.3,0.223,5.6,11.9,0.474,0.46,1.9,1.9,0.731,2.5,5.7,8.2,1.7,0.5,0.1,1.4,1.9,14.1,10361445
Malachi Richardson,SG,21,SAC,22,0,9,1.3,3.1,0.412,0.4,1.3,0.286,0.9,1.8,0.5,0.471,0.7,0.7,0.789,0.1,0.9,1,0.5,0.2,0,0.4,1,3.6,1439800
Austin Rivers,SG,24,LAC,74,29,27.8,4.4,9.9,0.442,1.5,4,0.371,2.9,5.8,0.491,0.518,1.8,1.8,0.691,0.3,1.9,2.2,2.8,0.6,0.1,1.6,2.5,12,11000000
Andre Roberson,SF,25,OKC,79,79,30.1,2.7,5.9,0.464,0.6,2.3,0.245,2.2,3.5,0.609,0.513,0.6,0.6,0.423,1.2,3.9,5.1,1,1.2,1,0.6,2.6,6.6,2183072
Brian Roberts,PG,31,CHO,41,2,10.1,1.1,3,0.377,0.4,1.1,0.386,0.7,1.9,0.372,0.447,0.8,0.8,0.846,0.1,0.8,1,1.3,0.2,0,0.6,0.4,3.5,980431
Rajon Rondo,PG,30,CHI,69,42,26.7,3.3,8.1,0.408,0.7,1.9,0.376,2.6,6.2,0.418,0.453,0.4,0.4,0.6,1.1,4.1,5.1,6.7,1.4,0.2,2.4,2.1,7.8,14000000
Derrick Rose,PG,28,NYK,64,64,32.5,7.2,15.3,0.471,0.2,0.9,0.217,7,14.3,0.487,0.477,3.5,3.5,0.874,1,2.8,3.8,4.4,0.7,0.3,2.3,1.3,18,21323252
Terry Rozier,PG,22,BOS,74,0,17.1,2,5.6,0.367,0.8,2.4,0.318,1.3,3.1,0.405,0.437,0.7,0.7,0.773,0.5,2.5,3.1,1.8,0.6,0.1,0.6,0.9,5.5,1906440
Ricky Rubio,PG,26,MIN,75,75,32.9,3.5,8.7,0.402,0.8,2.6,0.306,2.7,6.1,0.443,0.448,3.4,3.4,0.891,0.9,3.2,4.1,9.1,1.7,0.1,2.6,2.7,11.1,13550000
Brandon Rush,SG,31,MIN,47,33,21.9,1.5,4,0.374,0.9,2.4,0.386,0.6,1.6,0.356,0.492,0.3,0.3,0.722,0.3,1.8,2.1,1,0.5,0.5,0.6,0.9,4.2,3500000
D'Angelo Russell,PG,20,LAL,63,60,28.7,5.6,13.8,0.405,2.1,6.1,0.352,3.4,7.7,0.447,0.483,2.3,2.3,0.782,0.5,3,3.5,4.8,1.4,0.3,2.8,2.1,15.6,5332800
Domantas Sabonis,PF,20,OKC,81,66,20.1,2.4,5.9,0.399,0.6,2,0.321,1.7,4,0.438,0.452,0.5,0.5,0.657,0.6,3,3.6,1,0.5,0.4,1,2.5,5.9,2440200
Larry Sanders,C,28,CLE,5,0,2.6,0.2,0.8,0.25,0,0,0,0.2,0.8,0.25,0.25,0.4,0.4,1,0.6,0.2,0.8,0,0.2,0.2,0.4,1,0.8,207722
Dario Saric,PF,22,PHI,81,36,26.3,4.7,11.4,0.411,1.3,4.2,0.311,3.4,7.2,0.469,0.468,2.1,2.1,0.782,1.4,5,6.3,2.2,0.7,0.4,2.3,2,12.8,2318280
Tomas Satoransky,SG,25,WAS,57,3,12.6,1.1,2.6,0.415,0.2,0.6,0.243,0.9,1.9,0.473,0.446,0.4,0.4,0.697,0.4,1,1.5,1.6,0.5,0.1,0.7,1.1,2.7,2870813
Dennis Schroder,PG,23,ATL,79,78,31.5,6.9,15.4,0.451,1.3,3.7,0.34,5.7,11.6,0.487,0.493,2.8,2.8,0.855,0.5,2.6,3.1,6.3,0.9,0.2,3.3,1.9,17.9,2708582
Luis Scola,PF,36,BRK,36,1,12.8,2,4.2,0.47,0.5,1.4,0.34,1.5,2.8,0.535,0.526,0.7,0.7,0.676,1.4,2.4,3.9,1,0.4,0.1,0.9,1.8,5.1,5500000
Mike Scott,PF,28,ATL,18,0,10.8,0.9,3.3,0.288,0.2,1.5,0.148,0.7,1.8,0.406,0.322,0.4,0.4,0.875,0.6,1.5,2.1,0.9,0.2,0.2,0.4,0.7,2.5,3333334
Thabo Sefolosha,SF,32,ATL,62,42,25.7,2.8,6.4,0.441,0.7,1.9,0.342,2.1,4.4,0.484,0.492,0.9,0.9,0.733,0.9,3.5,4.4,1.7,1.5,0.5,0.9,1.6,7.2,3850000
Kevin Seraphin,PF,27,IND,49,3,11.4,2.2,4,0.551,0,0,0,2.2,4,0.556,0.551,0.3,0.3,0.636,0.8,2.1,2.9,0.5,0.1,0.4,0.6,1.3,4.7,1800000
Ramon Sessions,PG,30,CHO,50,1,16.2,2,5.3,0.38,0.4,1.2,0.339,1.6,4,0.393,0.42,1.8,1.8,0.771,0.2,1.2,1.5,2.6,0.5,0.1,0.9,0.9,6.2,6000000
Iman Shumpert,SG,26,CLE,76,31,25.5,2.6,6.4,0.411,1.2,3.4,0.36,1.4,3,0.469,0.507,0.9,0.9,0.789,0.5,2.4,2.9,1.4,0.8,0.4,1,2,7.5,9662922
Pascal Siakam,PF,22,TOR,55,38,15.6,1.9,3.7,0.502,0,0.1,0.143,1.9,3.6,0.515,0.505,0.4,0.4,0.688,1.2,2.2,3.4,0.3,0.5,0.8,0.6,2,4.2,1196040
Jonathon Simmons,SG,27,SAS,78,8,17.8,2.3,5.4,0.42,0.4,1.3,0.294,1.9,4.1,0.461,0.456,1.3,1.3,0.75,0.3,1.8,2.1,1.6,0.6,0.3,1,1.9,6.2,874636
Kyle Singler,SF,28,OKC,32,2,12,1.1,2.6,0.41,0.2,1.2,0.189,0.8,1.4,0.587,0.452,0.4,0.4,0.765,0.3,1.3,1.5,0.3,0.2,0.2,0.3,0.9,2.8,4837500
Marcus Smart,SG,22,BOS,79,24,30.4,3.4,9.5,0.359,1.2,4.2,0.283,2.2,5.3,0.42,0.422,2.6,2.6,0.812,1,2.9,3.9,4.6,1.6,0.4,2,2.4,10.6,3578880
Ish Smith,PG,28,DET,81,32,24.1,4.1,9.2,0.439,0.3,1.3,0.267,3.7,8,0.467,0.458,0.9,0.9,0.706,0.3,2.6,2.9,5.2,0.8,0.4,1.4,1.6,9.4,6000000
Jason Smith,C,30,WAS,74,3,14.4,2.4,4.4,0.529,0.5,1.1,0.474,1.9,3.4,0.546,0.585,0.5,0.5,0.686,0.9,2.6,3.5,0.5,0.3,0.7,0.8,2.3,5.7,5000000
Tony Snell,SG,25,MIL,80,80,29.2,3.1,6.8,0.455,1.8,4.4,0.406,1.3,2.3,0.548,0.588,0.6,0.6,0.81,0.3,2.8,3.1,1.2,0.7,0.2,0.7,1.6,8.5,2368327
Marreese Speights,C,29,LAC,82,2,15.7,3,6.7,0.445,1.3,3.4,0.372,1.7,3.3,0.52,0.539,1.5,1.5,0.876,1.1,3.5,4.5,0.8,0.3,0.5,0.8,2.8,8.7,1403611
Tiago Splitter,C,32,PHI,8,0,9.5,1.8,3.9,0.452,0.3,0.8,0.333,1.5,3.1,0.48,0.484,1.1,1.1,0.818,1,1.8,2.8,0.5,0.1,0.1,0.8,1,4.9,8550000
Nik Stauskas,SG,23,PHI,80,27,27.4,3.1,7.9,0.396,1.7,4.5,0.368,1.5,3.4,0.433,0.5,1.5,1.5,0.813,0.3,2.6,2.8,2.4,0.6,0.4,1.6,1.8,9.5,2993040
Diamond Stone,C,19,LAC,7,0,3.4,0.4,1.9,0.231,0,0,0,0.4,1.9,0.231,0.231,0.6,0.6,1,0.1,0.7,0.9,0,0,0.1,0.3,0.7,1.4,543471
Rodney Stuckey,PG,30,IND,39,0,17.8,2.3,6.3,0.373,0.5,1.5,0.317,1.8,4.7,0.391,0.412,2.1,2.1,0.748,0.2,2,2.2,2.2,0.4,0,1.4,1.1,7.2,7000000
Jared Sullinger,PF,24,TOR,11,1,10.7,1.4,4.3,0.319,0.3,1.6,0.167,1.1,2.6,0.414,0.351,0.4,0.4,0.5,0.9,1.5,2.5,0.3,0.4,0.1,0.4,1.5,3.4,5628000
Isaiah Taylor,PG,22,HOU,4,0,13,0.3,1.8,0.143,0,0.5,0,0.3,1.3,0.2,0.143,0.3,0.3,0.5,0.3,0.5,0.8,0.8,0.3,0.3,0,1.5,0.8,255000
Jeff Teague,PG,28,IND,82,82,32.4,4.9,11.1,0.442,1.1,3.1,0.357,3.8,8,0.475,0.492,4.4,4.4,0.867,0.4,3.6,4,7.8,1.2,0.4,2.6,2,15.3,8800000
Mirza Teletovic,PF,31,MIL,70,2,16.2,2.2,6,0.373,1.5,4.4,0.341,0.7,1.6,0.46,0.498,0.5,0.5,0.778,0.2,2.2,2.3,0.7,0.2,0.2,0.5,1.6,6.4,10500000
Garrett Temple,SG,30,SAC,65,21,26.6,2.8,6.6,0.424,1.3,3.4,0.373,1.6,3.3,0.476,0.519,0.9,0.9,0.784,0.5,2.3,2.8,2.6,1.3,0.4,1.2,2.2,7.8,8000000
Isaiah Thomas,PG,27,BOS,76,76,33.8,9,19.4,0.463,3.2,8.5,0.379,5.8,10.9,0.528,0.546,7.8,7.8,0.909,0.6,2.1,2.7,5.9,0.9,0.2,2.8,2.2,28.9,6587132
Lance Thomas,PF,28,NYK,46,15,21,2.1,5.3,0.398,0.8,1.8,0.447,1.3,3.5,0.371,0.475,0.9,0.9,0.843,0.7,2.4,3.1,0.8,0.5,0.1,0.5,1.8,6,6191000
Klay Thompson,SG,26,GSW,78,78,34,8.3,17.6,0.468,3.4,8.3,0.414,4.8,9.3,0.516,0.565,2.4,2.4,0.853,0.6,3,3.7,2.1,0.8,0.5,1.6,1.8,22.3,16663575
Tristan Thompson,C,25,CLE,78,78,29.9,3.4,5.6,0.6,0,0,0,3.4,5.6,0.604,0.6,1.4,1.4,0.498,3.7,5.5,9.2,1,0.5,1.1,0.8,2.3,8.1,15330435
Mike Tobey,C,22,CHO,2,0,12.5,0.5,2,0.25,0,0,0,0.5,2,0.25,0.25,0,0,0,1,0.5,1.5,0.5,0,0,0.5,1,1,67135
Anthony Tolliver,PF,31,SAC,65,9,22.7,2.4,5.4,0.442,1.4,3.5,0.391,1,1.9,0.537,0.57,0.9,0.9,0.744,0.8,2.9,3.6,1.2,0.5,0.3,0.9,1.7,7.1,8000000
Karl-Anthony Towns,C,21,MIN,82,82,37,9.8,18,0.542,1.2,3.4,0.367,8.5,14.7,0.582,0.576,4.3,4.3,0.832,3.6,8.7,12.3,2.7,0.7,1.3,2.6,2.9,25.1,5960160
Evan Turner,SF,28,POR,65,12,25.5,3.6,8.5,0.426,0.5,1.8,0.263,3.1,6.7,0.47,0.454,1.3,1.3,0.825,0.6,3.2,3.8,3.2,0.8,0.4,1.5,1.9,9,16393443
Myles Turner,C,20,IND,81,81,31.4,5.5,10.7,0.511,0.5,1.4,0.348,5,9.3,0.536,0.534,3,3,0.809,1.7,5.6,7.3,1.3,0.9,2.1,1.3,3.2,14.5,2463840
Tyler Ulis,PG,21,PHO,61,15,18.4,3,7.2,0.421,0.3,1.3,0.266,2.7,5.9,0.455,0.445,0.9,0.9,0.775,0.3,1.2,1.6,3.7,0.8,0.1,1.3,1.2,7.3,918369
Jarrod Uthoff,PF,23,DAL,9,0,12.8,1.8,4.2,0.421,0.3,1,0.333,1.4,3.2,0.448,0.461,0.6,0.6,0.714,0.9,1.6,2.4,1,0.2,0.4,0.3,0.9,4.4,47953
Jonas Valanciunas,C,24,TOR,80,80,25.8,4.9,8.8,0.557,0,0,0.5,4.9,8.8,0.557,0.558,2.2,2.2,0.811,2.8,6.7,9.5,0.7,0.5,0.8,1.3,2.7,12,14382023
Denzel Valentine,SG,23,CHI,57,0,17.1,1.8,5.1,0.354,1.3,3.6,0.351,0.5,1.4,0.363,0.481,0.2,0.2,0.778,0.2,2.5,2.6,1.1,0.5,0.1,0.9,1.5,5.1,2092200
Fred VanVleet,PG,22,TOR,37,0,7.9,1.1,3,0.351,0.3,0.8,0.379,0.8,2.2,0.341,0.401,0.5,0.5,0.818,0.1,1,1.1,0.9,0.4,0.1,0.4,1,2.9,543471
Greivis Vasquez,PG,30,BRK,3,0,13,0.7,2.7,0.25,0.3,1,0.333,0.3,1.7,0.2,0.313,0.7,0.7,0.667,0,0.7,0.7,1.7,0.3,0.3,0.3,2,2.3,4347826
Rashad Vaughn,SG,20,MIL,41,2,11.2,1.4,3.8,0.365,0.6,2,0.321,0.8,1.8,0.413,0.449,0,0,0.4,0.1,1.1,1.2,0.6,0.5,0.2,0.3,0.8,3.5,1811040
Noah Vonleh,PF,21,POR,74,41,17.1,1.8,3.6,0.481,0.1,0.3,0.35,1.7,3.4,0.492,0.494,0.8,0.8,0.638,1.8,3.5,5.2,0.4,0.4,0.4,0.9,2.1,4.4,2751360
Nikola Vucevic,C,26,ORL,75,55,28.8,6.4,13.7,0.468,0.3,1,0.307,6.1,12.7,0.481,0.48,1.4,1.4,0.669,2.3,8,10.4,2.8,1,1,1.6,2.4,14.6,11750000
Dwyane Wade,SG,35,CHI,60,59,29.9,6.9,15.9,0.434,0.8,2.4,0.31,6.2,13.5,0.456,0.457,3.7,3.7,0.794,1.1,3.5,4.5,3.8,1.4,0.7,2.3,1.9,18.3,23200000
Dion Waiters,SG,25,MIA,46,43,30.1,6.1,14.4,0.424,1.8,4.7,0.395,4.3,9.7,0.438,0.488,1.8,1.8,0.646,0.4,2.9,3.3,4.3,0.9,0.4,2.2,2.1,15.8,2898000
Kemba Walker,PG,26,CHO,79,79,34.7,8.1,18.3,0.444,3,7.6,0.399,5.1,10.7,0.476,0.527,3.8,3.8,0.847,0.6,3.3,3.9,5.5,1.1,0.3,2.1,1.5,23.2,12000000
John Wall,PG,26,WAS,78,78,36.4,8.3,18.4,0.451,1.1,3.5,0.327,7.2,14.9,0.48,0.482,5.4,5.4,0.801,0.8,3.4,4.2,10.7,2,0.6,4.1,1.9,23.1,16957900
C.J. Watson,PG,32,ORL,62,9,16.3,1.5,4,0.387,0.5,1.7,0.305,1,2.3,0.448,0.452,0.9,0.9,0.864,0.3,1.2,1.4,1.8,0.7,0,0.8,1.4,4.5,5000000
Okaro White,PF,24,MIA,35,0,13.5,0.9,2.5,0.379,0.3,1,0.353,0.6,1.5,0.396,0.448,0.6,0.6,0.909,0.7,1.6,2.3,0.6,0.3,0.3,0.5,1.5,2.8,210995
Isaiah Whitehead,PG,21,BRK,73,26,22.5,2.8,7,0.402,0.6,2,0.295,2.2,4.9,0.446,0.445,1.2,1.2,0.805,0.4,2.1,2.5,2.6,0.6,0.5,1.9,2.4,7.4,1074145
Andrew Wiggins,SF,21,MIN,82,82,37.2,8.6,19.1,0.452,1.3,3.5,0.356,7.4,15.6,0.473,0.484,5,5,0.76,1.2,2.8,4,2.3,1,0.4,2.3,2.2,23.6,6006600
Marvin Williams,PF,30,CHO,76,76,30.2,3.9,9.3,0.422,1.6,4.7,0.35,2.3,4.6,0.494,0.51,1.7,1.7,0.873,1.2,5.4,6.6,1.4,0.8,0.7,0.8,1.8,11.2,12250000
Reggie Williams,SF,30,NOP,6,0,13.2,1.3,3.8,0.348,0.8,1.8,0.455,0.5,2,0.25,0.457,1,1,0.857,0.3,0.7,1,0.7,0.5,0,0,0.3,4.5,895197
Justise Winslow,SF,20,MIA,18,15,34.7,4.4,12.5,0.356,0.4,1.9,0.2,4.1,10.6,0.384,0.371,1.6,1.6,0.617,1.3,3.9,5.2,3.7,1.4,0.3,1.8,2.9,10.9,2593440
Christian Wood,PF,21,CHO,13,0,8.2,0.9,1.8,0.522,0,0.4,0,0.9,1.4,0.667,0.522,0.8,0.8,0.733,1.1,1.2,2.2,0.2,0.2,0.5,0.5,0.8,2.7,874636
Brandan Wright,PF,29,MEM,28,5,16,3,4.8,0.615,0,0,0,3,4.8,0.619,0.615,0.8,0.8,0.657,1.1,1.7,2.8,0.5,0.4,0.7,0.4,1.5,6.8,5709880
Delon Wright,PG,24,TOR,27,0,16.5,1.8,4.3,0.422,0.4,1.1,0.333,1.4,3.2,0.453,0.466,1.6,1.6,0.764,0.6,1.2,1.8,2.1,1,0.4,0.9,1.1,5.6,1577280
James Young,SG,21,BOS,29,0,7.6,0.9,2,0.431,0.4,1.2,0.343,0.4,0.8,0.565,0.534,0.2,0.2,0.667,0.2,0.7,0.9,0.1,0.3,0.1,0.1,0.5,2.3,1825200
Joe Young,PG,24,IND,33,0,4.1,0.8,2.2,0.361,0.2,0.7,0.217,0.6,1.5,0.429,0.396,0.3,0.3,0.733,0,0.5,0.5,0.5,0.1,0,0.2,0.2,2.1,1052342
Nick Young,SG,31,LAL,60,60,25.9,4.5,10.6,0.43,2.8,7,0.404,1.7,3.5,0.481,0.564,1.3,1.3,0.856,0.4,1.9,2.3,1,0.6,0.2,0.6,2.3,13.2,5443918
Thaddeus Young,PF,28,IND,74,74,30.2,4.9,9.3,0.527,0.6,1.6,0.381,4.3,7.7,0.557,0.56,0.6,0.6,0.523,1.8,4.3,6.1,1.6,1.5,0.4,1.3,1.8,11,14153652
Cody Zeller,PF,24,CHO,62,58,27.8,4.1,7.1,0.571,0,0,0,4.1,7.1,0.572,0.571,2.1,2.1,0.679,2.2,4.4,6.5,1.6,1,0.9,1,3,10.3,5318313
Stephen Zimmerman,C,20,ORL,19,0,5.7,0.5,1.6,0.323,0,0,0,0.5,1.6,0.323,0.323,0.2,0.2,0.6,0.6,1.3,1.8,0.2,0.1,0.3,0.2,0.9,1.2,950000
Paul Zipser,SF,22,CHI,44,18,19.2,2,5,0.398,0.8,2.3,0.333,1.3,2.8,0.451,0.473,0.7,0.7,0.775,0.3,2.5,2.8,0.8,0.3,0.4,0.9,1.8,5.5,750000
Ivica Zubac,C,19,LAL,38,11,16,3.3,6.3,0.529,0,0.1,0,3.3,6.2,0.536,0.529,0.8,0.8,0.653,1.1,3.1,4.2,0.8,0.4,0.9,0.8,1.7,7.5,1034956